Query_ID	Target_ID	Optimal_offset	pvalue	Evalue	qvalue	Overlap	Query_consensus	Target_consensus	Orientation
FOXP1.H12CORE.0.PS.A	FOXI1.H12CORE.0.SM.B	3	0.00512611	0.00512611	0.0102522	9	GTGTTTACT	TCTTTGTTTACATTAAAC	+
FOXP1.H12CORE.0.PS.A	FOXC2.H12CORE.0.SM.B	3	0.000131819	0.000131819	0.000263637	9	GTGTTTACT	TGTTTGTTTACTTAATT	+
FOXP1.H12CORE.0.PS.A	FOXO3.H12CORE.0.PS.A	1	4.41131e-05	4.41131e-05	8.82263e-05	8	GTGTTTACT	CTTGTTTAC	+
FOXP1.H12CORE.0.PS.A	FOXA2.H12CORE.1.SM.B	5	0.018939	0.018939	0.0378779	9	GTGTTTACT	TGTCAATATTTACTCT	+
FOXP1.H12CORE.0.PS.A	FOXA2.H12CORE.0.PSM.A	-1	3.09464e-05	3.09464e-05	6.18929e-05	8	GTGTTTACT	TGTTTACATAGG	+
FOXP1.H12CORE.0.PS.A	FOXF1.H12CORE.0.P.C	2	6.69653e-05	6.69653e-05	0.000133931	9	GTGTTTACT	TCCTGTTTATAT	+
FOXP1.H12CORE.0.PS.A	FOXL2.H12CORE.0.PSM.A	-1	0.000282336	0.000282336	0.000564672	8	GTGTTTACT	TGTTTACATT	+
FOXP1.H12CORE.0.PS.A	FOXD3.H12CORE.1.S.B	6	0.0225663	0.0225663	0.0451327	9	GTGTTTACT	AAGTAAATATTTACTTAAGG	+
FOXP1.H12CORE.0.PS.A	FOXE1.H12CORE.1.S.C	3	0.0405118	0.0405118	0.0810237	8	GTGTTTACT	TTGTTGTTTTT	+
FOXP1.H12CORE.0.PS.A	FOXJ3.H12CORE.0.SM.B	1	0.0134827	0.0134827	0.0269653	9	GTGTTTACT	TTTGTTTACGTT	+
FOXP1.H12CORE.0.PS.A	FOXG1.H12CORE.0.PSM.A	2	2.88236e-05	2.88236e-05	5.76472e-05	9	GTGTTTACT	CTGTGTTTACACACA	+
FOXP1.H12CORE.0.PS.A	FOXH1.H12CORE.0.P.B	-1	0.0520827	0.0520827	0.104165	8	GTGTTTACT	TGTGGATTG	+
FOXP1.H12CORE.0.PS.A	FOXP2.H12CORE.0.P.B	0	5.96046e-07	5.96046e-07	1.19209e-06	8	GTGTTTACT	CTGTTTAC	+
FOXP1.H12CORE.0.PS.A	FOXK1.H12CORE.0.PS.A	-1	0.000190278	0.000190278	0.000380556	8	GTGTTTACT	TGTTTACATT	+
FOXP1.H12CORE.0.PS.A	FOXO1.H12CORE.0.PS.A	0	9.75563e-07	9.75563e-07	1.95113e-06	9	GTGTTTACT	CTGTTTACA	+
FOXP1.H12CORE.0.PS.A	FOXA1.H12CORE.1.S.C	2	0.000160648	0.000160648	0.000321296	9	GTGTTTACT	GTTTGTTTACTTAAGG	+
FOXP1.H12CORE.0.PS.A	FOXC1.H12CORE.0.S.B	5	0.0220144	0.0220144	0.0440287	9	GTGTTTACT	TGTCAATATTTACATAAGG	+
FOXP1.H12CORE.0.PS.A	FOXP3.H12CORE.0.P.B	2	0.000155641	0.000155641	0.000311282	8	GTGTTTACT	TTTTGTTTAC	+
FOXP1.H12CORE.0.PS.A	FOXC1.H12CORE.1.S.C	3	0.000338661	0.000338661	0.000677322	9	GTGTTTACT	TCATTGTTTACTTA	+
FOXP1.H12CORE.0.PS.A	FOXA1.H12CORE.0.P.B	-1	1.87751e-05	1.87751e-05	3.75502e-05	8	GTGTTTACT	TGTTTACTTAG	+
FOXP1.H12CORE.0.PS.A	FOXO6.H12CORE.0.S.B	2	0.0170281	0.0170281	0.0340561	9	GTGTTTACT	TCTTGTTTACGT	+
FOXP1.H12CORE.0.PS.A	FOXD2.H12CORE.1.SM.B	-1	0.836111	0.836111	0.999571	8	GTGTTTACT	TTGTTATTGTAAGGG	+
FOXP1.H12CORE.0.PS.A	FOXE1.H12CORE.0.SM.B	1	0.0450524	0.0450524	0.0901048	9	GTGTTTACT	ATTGTTTTTTTAGGGG	+
FOXP1.H12CORE.0.PS.A	FOXL1.H12CORE.0.S.B	6	0.000732265	0.000732265	0.00146453	9	GTGTTTACT	GGTTGTTTGTTTATTTTTCC	+
FOXP1.H12CORE.0.PS.A	FOXJ2.H12CORE.1.SM.B	2	0.00161895	0.00161895	0.00323791	9	GTGTTTACT	TTTTGTTTACAACAAAA	+
FOXP1.H12CORE.0.PS.A	FOXM1.H12CORE.0.P.B	-1	7.9574e-05	7.9574e-05	0.000159148	8	GTGTTTACT	TGTTTACTTTGG	+
FOXP1.H12CORE.0.PS.A	FOXJ2.H12CORE.2.S.B	9	0.00401879	0.00401879	0.00803758	9	GTGTTTACT	CCTTTGTTTTTGTTTACTTT	+
FOXP1.H12CORE.0.PS.A	FOXD2.H12CORE.0.S.B	6	0.0174987	0.0174987	0.0349973	9	GTGTTTACT	GGGTAAATATTTACTTAACC	+
FOXP1.H12CORE.0.PS.A	FOXR2.H12CORE.0.M.C	6	0.565086	0.565086	0.980647	9	GTGTTTACT	ATATTTATGTATATATA	+
FOXP1.H12CORE.0.PS.A	FOXA3.H12CORE.0.PS.A	1	0.000249395	0.000249395	0.00049879	9	GTGTTTACT	CATGTTTACTTA	+
FOXP1.H12CORE.0.PS.A	FOXA3.H12CORE.1.M.C	5	0.03685	0.03685	0.0737	9	GTGTTTACT	TGCAAATATTTACTTAACG	+
FOXP1.H12CORE.0.PS.A	FOXO4.H12CORE.0.SM.B	1	0.00438269	0.00438269	0.00876538	9	GTGTTTACT	GTTGTTTACGT	+
FOXP1.H12CORE.0.PS.A	FOXD3.H12CORE.0.P.C	1	2.05609e-06	2.05609e-06	4.11219e-06	9	GTGTTTACT	GTTGTTTACTTAGG	+
FOXP1.H12CORE.0.PS.A	FOXB1.H12CORE.0.SM.B	5	0.0906201	0.0906201	0.18124	9	GTGTTTACT	TGTAAATATTTACATAAGG	+
FOXP1.H12CORE.0.PS.A	FOXJ2.H12CORE.0.PSM.A	4	0.00209437	0.00209437	0.00418873	9	GTGTTTACT	GTTGTTGTTTACAA	+
FOXP1.H12CORE.0.PS.A	FOXK2.H12CORE.0.P.B	1	0.00017409	0.00017409	0.00034818	9	GTGTTTACT	CTTGTTTACAT	+
FOXI1.H12CORE.0.SM.B	FOXC2.H12CORE.0.SM.B	0	0.00381621	0.00381621	0.00763242	17	TCTTTGTTTACATTAAAC	TGTTTGTTTACTTAATT	+
FOXI1.H12CORE.0.SM.B	FOXO3.H12CORE.0.PS.A	-2	0.0068346	0.0068346	0.0136692	9	TCTTTGTTTACATTAAAC	CTTGTTTAC	+
FOXI1.H12CORE.0.SM.B	FOXA2.H12CORE.1.SM.B	2	0.0604551	0.0604551	0.12091	14	TCTTTGTTTACATTAAAC	TGTCAATATTTACTCT	+
FOXI1.H12CORE.0.SM.B	FOXA2.H12CORE.0.PSM.A	-4	0.0373761	0.0373761	0.0747523	12	TCTTTGTTTACATTAAAC	TGTTTACATAGG	+
FOXI1.H12CORE.0.SM.B	FOXF1.H12CORE.0.P.C	-1	0.00604014	0.00604014	0.0120803	12	TCTTTGTTTACATTAAAC	TCCTGTTTATAT	+
FOXI1.H12CORE.0.SM.B	FOXL2.H12CORE.0.PSM.A	-4	2.63043e-05	2.63043e-05	5.26086e-05	10	TCTTTGTTTACATTAAAC	TGTTTACATT	+
FOXI1.H12CORE.0.SM.B	FOXD3.H12CORE.1.S.B	3	0.334618	0.334618	0.396188	17	TCTTTGTTTACATTAAAC	AAGTAAATATTTACTTAAGG	+
FOXI1.H12CORE.0.SM.B	FOXE1.H12CORE.1.S.C	0	0.00587832	0.00587832	0.0117566	11	TCTTTGTTTACATTAAAC	TTGTTGTTTTT	+
FOXI1.H12CORE.0.SM.B	FOXJ3.H12CORE.0.SM.B	-2	1.41876e-05	1.41876e-05	2.83753e-05	12	TCTTTGTTTACATTAAAC	TTTGTTTACGTT	+
FOXI1.H12CORE.0.SM.B	FOXG1.H12CORE.0.PSM.A	-1	0.00467355	0.00467355	0.00934711	15	TCTTTGTTTACATTAAAC	CTGTGTTTACACACA	+
FOXI1.H12CORE.0.SM.B	FOXH1.H12CORE.0.P.B	-4	0.447406	0.447406	0.894812	9	TCTTTGTTTACATTAAAC	TGTGGATTG	+
FOXI1.H12CORE.0.SM.B	FOXP2.H12CORE.0.P.B	-3	0.000336438	0.000336438	0.000672877	8	TCTTTGTTTACATTAAAC	CTGTTTAC	+
FOXI1.H12CORE.0.SM.B	FOXK1.H12CORE.0.PS.A	-4	4.85899e-05	4.85899e-05	9.71798e-05	10	TCTTTGTTTACATTAAAC	TGTTTACATT	+
FOXI1.H12CORE.0.SM.B	FOXO1.H12CORE.0.PS.A	-3	0.00168355	0.00168355	0.00336709	9	TCTTTGTTTACATTAAAC	CTGTTTACA	+
FOXI1.H12CORE.0.SM.B	FOXA1.H12CORE.1.S.C	-1	0.00252665	0.00252665	0.00505331	16	TCTTTGTTTACATTAAAC	GTTTGTTTACTTAAGG	+
FOXI1.H12CORE.0.SM.B	FOXC1.H12CORE.0.S.B	2	0.0647026	0.0647026	0.129405	17	TCTTTGTTTACATTAAAC	TGTCAATATTTACATAAGG	+
FOXI1.H12CORE.0.SM.B	FOXP3.H12CORE.0.P.B	-1	0.00278072	0.00278072	0.00556145	10	TCTTTGTTTACATTAAAC	TTTTGTTTAC	+
FOXI1.H12CORE.0.SM.B	FOXC1.H12CORE.1.S.C	0	5.9529e-05	5.9529e-05	0.000119058	14	TCTTTGTTTACATTAAAC	TCATTGTTTACTTA	+
FOXI1.H12CORE.0.SM.B	FOXA1.H12CORE.0.P.B	-4	0.00355259	0.00355259	0.00710517	11	TCTTTGTTTACATTAAAC	TGTTTACTTAG	+
FOXI1.H12CORE.0.SM.B	FOXO6.H12CORE.0.S.B	-1	0.0114785	0.0114785	0.0229569	12	TCTTTGTTTACATTAAAC	TCTTGTTTACGT	+
FOXI1.H12CORE.0.SM.B	FOXD2.H12CORE.1.SM.B	3	0.525475	0.525475	0.803438	12	TCTTTGTTTACATTAAAC	TTGTTATTGTAAGGG	+
FOXI1.H12CORE.0.SM.B	FOXE1.H12CORE.0.SM.B	2	0.143642	0.143642	0.287283	14	TCTTTGTTTACATTAAAC	ATTGTTTTTTTAGGGG	+
FOXI1.H12CORE.0.SM.B	FOXL1.H12CORE.0.S.B	3	0.00833171	0.00833171	0.0166634	17	TCTTTGTTTACATTAAAC	GGTTGTTTGTTTATTTTTCC	+
FOXI1.H12CORE.0.SM.B	FOXJ2.H12CORE.1.SM.B	-1	2.47466e-05	2.47466e-05	4.94932e-05	17	TCTTTGTTTACATTAAAC	TTTTGTTTACAACAAAA	+
FOXI1.H12CORE.0.SM.B	FOXM1.H12CORE.0.P.B	-4	0.0574646	0.0574646	0.114929	12	TCTTTGTTTACATTAAAC	TGTTTACTTTGG	+
FOXI1.H12CORE.0.SM.B	FOXJ2.H12CORE.2.S.B	6	0.000235113	0.000235113	0.000470226	14	TCTTTGTTTACATTAAAC	CCTTTGTTTTTGTTTACTTT	+
FOXI1.H12CORE.0.SM.B	FOXD2.H12CORE.0.S.B	1	0.0832149	0.0832149	0.16643	18	TCTTTGTTTACATTAAAC	GGTTAAGTAAATATTTACCC	-
FOXI1.H12CORE.0.SM.B	FOXR2.H12CORE.0.M.C	3	0.0119512	0.0119512	0.0239024	14	TCTTTGTTTACATTAAAC	ATATTTATGTATATATA	+
FOXI1.H12CORE.0.SM.B	FOXA3.H12CORE.0.PS.A	-2	0.00438613	0.00438613	0.00877226	12	TCTTTGTTTACATTAAAC	CATGTTTACTTA	+
FOXI1.H12CORE.0.SM.B	FOXA3.H12CORE.1.M.C	2	0.251659	0.251659	0.406138	17	TCTTTGTTTACATTAAAC	TGCAAATATTTACTTAACG	+
FOXI1.H12CORE.0.SM.B	FOXO4.H12CORE.0.SM.B	-2	0.00048672	0.00048672	0.000973441	11	TCTTTGTTTACATTAAAC	GTTGTTTACGT	+
FOXI1.H12CORE.0.SM.B	FOXD3.H12CORE.0.P.C	-2	0.0722123	0.0722123	0.144425	14	TCTTTGTTTACATTAAAC	GTTGTTTACTTAGG	+
FOXI1.H12CORE.0.SM.B	FOXB1.H12CORE.0.SM.B	2	0.250592	0.250592	0.39842	17	TCTTTGTTTACATTAAAC	TGTAAATATTTACATAAGG	+
FOXI1.H12CORE.0.SM.B	FOXJ2.H12CORE.0.PSM.A	1	1.14204e-05	1.14204e-05	2.28409e-05	13	TCTTTGTTTACATTAAAC	GTTGTTGTTTACAA	+
FOXI1.H12CORE.0.SM.B	FOXK2.H12CORE.0.P.B	-2	0.00519371	0.00519371	0.0103874	11	TCTTTGTTTACATTAAAC	CTTGTTTACAT	+
FOXC2.H12CORE.0.SM.B	FOXO3.H12CORE.0.PS.A	-2	0.00517263	0.00517263	0.0103453	9	TGTTTGTTTACTTAATT	CTTGTTTAC	+
FOXC2.H12CORE.0.SM.B	FOXA2.H12CORE.1.SM.B	2	0.0399243	0.0399243	0.0798486	14	TGTTTGTTTACTTAATT	TGTCAATATTTACTCT	+
FOXC2.H12CORE.0.SM.B	FOXA2.H12CORE.0.PSM.A	-4	3.24494e-05	3.24494e-05	6.48988e-05	12	TGTTTGTTTACTTAATT	TGTTTACATAGG	+
FOXC2.H12CORE.0.SM.B	FOXF1.H12CORE.0.P.C	-1	0.00511647	0.00511647	0.0102329	12	TGTTTGTTTACTTAATT	TCCTGTTTATAT	+
FOXC2.H12CORE.0.SM.B	FOXL2.H12CORE.0.PSM.A	-4	0.000272406	0.000272406	0.000544811	10	TGTTTGTTTACTTAATT	TGTTTACATT	+
FOXC2.H12CORE.0.SM.B	FOXD3.H12CORE.1.S.B	3	0.0757411	0.0757411	0.101888	17	TGTTTGTTTACTTAATT	AAGTAAATATTTACTTAAGG	+
FOXC2.H12CORE.0.SM.B	FOXE1.H12CORE.1.S.C	0	0.00697777	0.00697777	0.0139555	11	TGTTTGTTTACTTAATT	TTGTTGTTTTT	+
FOXC2.H12CORE.0.SM.B	FOXJ3.H12CORE.0.SM.B	-2	0.000489453	0.000489453	0.000978907	12	TGTTTGTTTACTTAATT	TTTGTTTACGTT	+
FOXC2.H12CORE.0.SM.B	FOXG1.H12CORE.0.PSM.A	3	0.0402269	0.0402269	0.0804538	12	TGTTTGTTTACTTAATT	CTGTGTTTACACACA	+
FOXC2.H12CORE.0.SM.B	FOXH1.H12CORE.0.P.B	-4	0.136481	0.136481	0.272961	9	TGTTTGTTTACTTAATT	TGTGGATTG	+
FOXC2.H12CORE.0.SM.B	FOXP2.H12CORE.0.P.B	-3	0.000499866	0.000499866	0.000999732	8	TGTTTGTTTACTTAATT	CTGTTTAC	+
FOXC2.H12CORE.0.SM.B	FOXK1.H12CORE.0.PS.A	-4	0.00025254	0.00025254	0.000505081	10	TGTTTGTTTACTTAATT	TGTTTACATT	+
FOXC2.H12CORE.0.SM.B	FOXO1.H12CORE.0.PS.A	-3	0.000825167	0.000825167	0.00165033	9	TGTTTGTTTACTTAATT	CTGTTTACA	+
FOXC2.H12CORE.0.SM.B	FOXA1.H12CORE.1.S.C	-1	2.3131e-06	2.3131e-06	4.6262e-06	16	TGTTTGTTTACTTAATT	GTTTGTTTACTTAAGG	+
FOXC2.H12CORE.0.SM.B	FOXC1.H12CORE.0.S.B	2	0.00204079	0.00204079	0.00408158	17	TGTTTGTTTACTTAATT	TGTCAATATTTACATAAGG	+
FOXC2.H12CORE.0.SM.B	FOXP3.H12CORE.0.P.B	-1	0.000719174	0.000719174	0.00143835	10	TGTTTGTTTACTTAATT	TTTTGTTTAC	+
FOXC2.H12CORE.0.SM.B	FOXC1.H12CORE.1.S.C	0	2.86582e-05	2.86582e-05	5.73164e-05	14	TGTTTGTTTACTTAATT	TCATTGTTTACTTA	+
FOXC2.H12CORE.0.SM.B	FOXA1.H12CORE.0.P.B	-4	0.000182587	0.000182587	0.000365175	11	TGTTTGTTTACTTAATT	TGTTTACTTAG	+
FOXC2.H12CORE.0.SM.B	FOXO6.H12CORE.0.S.B	-1	0.0319859	0.0319859	0.0639719	12	TGTTTGTTTACTTAATT	TCTTGTTTACGT	+
FOXC2.H12CORE.0.SM.B	FOXD2.H12CORE.1.SM.B	-3	0.042898	0.042898	0.085796	14	TGTTTGTTTACTTAATT	TTGTTATTGTAAGGG	+
FOXC2.H12CORE.0.SM.B	FOXE1.H12CORE.0.SM.B	-2	0.00228782	0.00228782	0.00457564	15	TGTTTGTTTACTTAATT	ATTGTTTTTTTAGGGG	+
FOXC2.H12CORE.0.SM.B	FOXL1.H12CORE.0.S.B	3	3.16534e-07	3.16534e-07	6.33067e-07	17	TGTTTGTTTACTTAATT	GGTTGTTTGTTTATTTTTCC	+
FOXC2.H12CORE.0.SM.B	FOXJ2.H12CORE.1.SM.B	-1	0.0884222	0.0884222	0.176844	16	TGTTTGTTTACTTAATT	TTTTGTTTACAACAAAA	+
FOXC2.H12CORE.0.SM.B	FOXM1.H12CORE.0.P.B	-4	9.16972e-06	9.16972e-06	1.83394e-05	12	TGTTTGTTTACTTAATT	TGTTTACTTTGG	+
FOXC2.H12CORE.0.SM.B	FOXJ2.H12CORE.2.S.B	6	0.000276148	0.000276148	0.000552296	14	TGTTTGTTTACTTAATT	CCTTTGTTTTTGTTTACTTT	+
FOXC2.H12CORE.0.SM.B	FOXD2.H12CORE.0.S.B	3	0.000362649	0.000362649	0.000725297	17	TGTTTGTTTACTTAATT	GGGTAAATATTTACTTAACC	+
FOXC2.H12CORE.0.SM.B	FOXR2.H12CORE.0.M.C	3	0.0566299	0.0566299	0.11326	14	TGTTTGTTTACTTAATT	ATATTTATGTATATATA	+
FOXC2.H12CORE.0.SM.B	FOXA3.H12CORE.0.PS.A	-2	0.000391835	0.000391835	0.00078367	12	TGTTTGTTTACTTAATT	CATGTTTACTTA	+
FOXC2.H12CORE.0.SM.B	FOXA3.H12CORE.1.M.C	2	0.0134055	0.0134055	0.0268109	17	TGTTTGTTTACTTAATT	TGCAAATATTTACTTAACG	+
FOXC2.H12CORE.0.SM.B	FOXO4.H12CORE.0.SM.B	-2	0.00286533	0.00286533	0.00573066	11	TGTTTGTTTACTTAATT	GTTGTTTACGT	+
FOXC2.H12CORE.0.SM.B	FOXD3.H12CORE.0.P.C	-2	1.55206e-05	1.55206e-05	3.10413e-05	14	TGTTTGTTTACTTAATT	GTTGTTTACTTAGG	+
FOXC2.H12CORE.0.SM.B	FOXB1.H12CORE.0.SM.B	2	0.0166699	0.0166699	0.0333398	17	TGTTTGTTTACTTAATT	TGTAAATATTTACATAAGG	+
FOXC2.H12CORE.0.SM.B	FOXJ2.H12CORE.0.PSM.A	1	0.000755754	0.000755754	0.00151151	13	TGTTTGTTTACTTAATT	GTTGTTGTTTACAA	+
FOXC2.H12CORE.0.SM.B	FOXK2.H12CORE.0.P.B	-2	0.00179981	0.00179981	0.00359962	11	TGTTTGTTTACTTAATT	CTTGTTTACAT	+
FOXO3.H12CORE.0.PS.A	FOXA2.H12CORE.1.SM.B	4	0.219721	0.219721	0.439441	9	CTTGTTTAC	TGTCAATATTTACTCT	+
FOXO3.H12CORE.0.PS.A	FOXA2.H12CORE.0.PSM.A	-2	0.00154206	0.00154206	0.00308413	7	CTTGTTTAC	TGTTTACATAGG	+
FOXO3.H12CORE.0.PS.A	FOXF1.H12CORE.0.P.C	1	3.14023e-05	3.14023e-05	6.28046e-05	9	CTTGTTTAC	TCCTGTTTATAT	+
FOXO3.H12CORE.0.PS.A	FOXL2.H12CORE.0.PSM.A	-2	0.00278177	0.00278177	0.00556355	7	CTTGTTTAC	TGTTTACATT	+
FOXO3.H12CORE.0.PS.A	FOXD3.H12CORE.1.S.B	5	0.199909	0.199909	0.259386	9	CTTGTTTAC	AAGTAAATATTTACTTAAGG	+
FOXO3.H12CORE.0.PS.A	FOXE1.H12CORE.1.S.C	2	0.0167338	0.0167338	0.0334676	9	CTTGTTTAC	TTGTTGTTTTT	+
FOXO3.H12CORE.0.PS.A	FOXJ3.H12CORE.0.SM.B	0	0.00125326	0.00125326	0.00250651	9	CTTGTTTAC	TTTGTTTACGTT	+
FOXO3.H12CORE.0.PS.A	FOXG1.H12CORE.0.PSM.A	1	0.000878975	0.000878975	0.00175795	9	CTTGTTTAC	CTGTGTTTACACACA	+
FOXO3.H12CORE.0.PS.A	FOXH1.H12CORE.0.P.B	-2	0.154157	0.154157	0.308315	7	CTTGTTTAC	TGTGGATTG	+
FOXO3.H12CORE.0.PS.A	FOXP2.H12CORE.0.P.B	-1	1.82539e-06	1.82539e-06	3.65078e-06	8	CTTGTTTAC	CTGTTTAC	+
FOXO3.H12CORE.0.PS.A	FOXK1.H12CORE.0.PS.A	-2	0.001716	0.001716	0.003432	7	CTTGTTTAC	TGTTTACATT	+
FOXO3.H12CORE.0.PS.A	FOXO1.H12CORE.0.PS.A	-1	1.51988e-05	1.51988e-05	3.03976e-05	8	CTTGTTTAC	CTGTTTACA	+
FOXO3.H12CORE.0.PS.A	FOXA1.H12CORE.1.S.C	1	0.00173244	0.00173244	0.00346489	9	CTTGTTTAC	GTTTGTTTACTTAAGG	+
FOXO3.H12CORE.0.PS.A	FOXC1.H12CORE.0.S.B	4	0.131872	0.131872	0.263744	9	CTTGTTTAC	TGTCAATATTTACATAAGG	+
FOXO3.H12CORE.0.PS.A	FOXP3.H12CORE.0.P.B	1	4.47952e-06	4.47952e-06	8.95903e-06	9	CTTGTTTAC	TTTTGTTTAC	+
FOXO3.H12CORE.0.PS.A	FOXC1.H12CORE.1.S.C	2	0.00169437	0.00169437	0.00338874	9	CTTGTTTAC	TCATTGTTTACTTA	+
FOXO3.H12CORE.0.PS.A	FOXA1.H12CORE.0.P.B	-2	0.00198991	0.00198991	0.00397982	7	CTTGTTTAC	TGTTTACTTAG	+
FOXO3.H12CORE.0.PS.A	FOXO6.H12CORE.0.S.B	1	2.79974e-05	2.79974e-05	5.59948e-05	9	CTTGTTTAC	TCTTGTTTACGT	+
FOXO3.H12CORE.0.PS.A	FOXD2.H12CORE.1.SM.B	-1	0.418292	0.418292	0.836584	8	CTTGTTTAC	TTGTTATTGTAAGGG	+
FOXO3.H12CORE.0.PS.A	FOXE1.H12CORE.0.SM.B	0	0.171984	0.171984	0.343968	9	CTTGTTTAC	ATTGTTTTTTTAGGGG	+
FOXO3.H12CORE.0.PS.A	FOXL1.H12CORE.0.S.B	5	0.00323526	0.00323526	0.00647052	9	CTTGTTTAC	GGTTGTTTGTTTATTTTTCC	+
FOXO3.H12CORE.0.PS.A	FOXJ2.H12CORE.1.SM.B	1	0.00278788	0.00278788	0.00557575	9	CTTGTTTAC	TTTTGTTTACAACAAAA	+
FOXO3.H12CORE.0.PS.A	FOXM1.H12CORE.0.P.B	-2	0.00474004	0.00474004	0.00948008	7	CTTGTTTAC	TGTTTACTTTGG	+
FOXO3.H12CORE.0.PS.A	FOXJ2.H12CORE.2.S.B	8	0.0107649	0.0107649	0.0215299	9	CTTGTTTAC	CCTTTGTTTTTGTTTACTTT	+
FOXO3.H12CORE.0.PS.A	FOXD2.H12CORE.0.S.B	5	0.176149	0.176149	0.352298	9	CTTGTTTAC	GGGTAAATATTTACTTAACC	+
FOXO3.H12CORE.0.PS.A	FOXR2.H12CORE.0.M.C	5	0.151844	0.151844	0.303688	9	CTTGTTTAC	ATATTTATGTATATATA	+
FOXO3.H12CORE.0.PS.A	FOXA3.H12CORE.0.PS.A	0	2.93835e-05	2.93835e-05	5.87669e-05	9	CTTGTTTAC	CATGTTTACTTA	+
FOXO3.H12CORE.0.PS.A	FOXA3.H12CORE.1.M.C	1	0.245337	0.245337	0.252984	9	CTTGTTTAC	CGTTAAGTAAATATTTGCA	-
FOXO3.H12CORE.0.PS.A	FOXO4.H12CORE.0.SM.B	0	3.26127e-05	3.26127e-05	6.52255e-05	9	CTTGTTTAC	GTTGTTTACGT	+
FOXO3.H12CORE.0.PS.A	FOXD3.H12CORE.0.P.C	0	6.24687e-05	6.24687e-05	0.000124937	9	CTTGTTTAC	GTTGTTTACTTAGG	+
FOXO3.H12CORE.0.PS.A	FOXB1.H12CORE.0.SM.B	1	0.185448	0.185448	0.370896	9	CTTGTTTAC	CCTTATGTAAATATTTACA	-
FOXO3.H12CORE.0.PS.A	FOXJ2.H12CORE.0.PSM.A	3	0.000430368	0.000430368	0.000860737	9	CTTGTTTAC	GTTGTTGTTTACAA	+
FOXO3.H12CORE.0.PS.A	FOXK2.H12CORE.0.P.B	0	5.96387e-10	5.96387e-10	1.19277e-09	9	CTTGTTTAC	CTTGTTTACAT	+
FOXA2.H12CORE.1.SM.B	FOXA2.H12CORE.0.PSM.A	-6	0.0025106	0.0025106	0.0050212	10	TGTCAATATTTACTCT	TGTTTACATAGG	+
FOXA2.H12CORE.1.SM.B	FOXF1.H12CORE.0.P.C	3	0.363658	0.363658	0.727316	9	TGTCAATATTTACTCT	TCCTGTTTATAT	+
FOXA2.H12CORE.1.SM.B	FOXL2.H12CORE.0.PSM.A	-6	0.0501155	0.0501155	0.100231	10	TGTCAATATTTACTCT	TGTTTACATT	+
FOXA2.H12CORE.1.SM.B	FOXD3.H12CORE.1.S.B	1	3.00913e-06	3.00913e-06	5.92469e-06	16	TGTCAATATTTACTCT	AAGTAAATATTTACTTAAGG	+
FOXA2.H12CORE.1.SM.B	FOXE1.H12CORE.1.S.C	1	0.902477	0.902477	0.999234	10	TGTCAATATTTACTCT	TTGTTGTTTTT	+
FOXA2.H12CORE.1.SM.B	FOXJ3.H12CORE.0.SM.B	-4	0.412606	0.412606	0.698166	12	TGTCAATATTTACTCT	TTTGTTTACGTT	+
FOXA2.H12CORE.1.SM.B	FOXG1.H12CORE.0.PSM.A	-3	0.190221	0.190221	0.380441	13	TGTCAATATTTACTCT	CTGTGTTTACACACA	+
FOXA2.H12CORE.1.SM.B	FOXH1.H12CORE.0.P.B	-3	0.736536	0.736536	0.762874	9	TGTCAATATTTACTCT	CAATCCACA	-
FOXA2.H12CORE.1.SM.B	FOXP2.H12CORE.0.P.B	-5	0.0833257	0.0833257	0.166651	8	TGTCAATATTTACTCT	CTGTTTAC	+
FOXA2.H12CORE.1.SM.B	FOXK1.H12CORE.0.PS.A	-6	0.0339311	0.0339311	0.0678621	10	TGTCAATATTTACTCT	TGTTTACATT	+
FOXA2.H12CORE.1.SM.B	FOXO1.H12CORE.0.PS.A	-5	0.152072	0.152072	0.199464	9	TGTCAATATTTACTCT	CTGTTTACA	+
FOXA2.H12CORE.1.SM.B	FOXA1.H12CORE.1.S.C	-3	0.0442219	0.0442219	0.0884438	13	TGTCAATATTTACTCT	GTTTGTTTACTTAAGG	+
FOXA2.H12CORE.1.SM.B	FOXC1.H12CORE.0.S.B	0	9.57994e-10	9.57994e-10	1.91599e-09	16	TGTCAATATTTACTCT	TGTCAATATTTACATAAGG	+
FOXA2.H12CORE.1.SM.B	FOXP3.H12CORE.0.P.B	-3	0.878401	0.878401	0.987065	10	TGTCAATATTTACTCT	TTTTGTTTAC	+
FOXA2.H12CORE.1.SM.B	FOXC1.H12CORE.1.S.C	-2	0.0002308	0.0002308	0.0004616	14	TGTCAATATTTACTCT	TCATTGTTTACTTA	+
FOXA2.H12CORE.1.SM.B	FOXA1.H12CORE.0.P.B	-6	0.00244481	0.00244481	0.00488962	10	TGTCAATATTTACTCT	TGTTTACTTAG	+
FOXA2.H12CORE.1.SM.B	FOXO6.H12CORE.0.S.B	1	0.35078	0.35078	0.42674	11	TGTCAATATTTACTCT	ACGTAAACAAGA	-
FOXA2.H12CORE.1.SM.B	FOXD2.H12CORE.1.SM.B	3	0.829412	0.829412	0.936876	12	TGTCAATATTTACTCT	CCCTTACAATAACAA	-
FOXA2.H12CORE.1.SM.B	FOXE1.H12CORE.0.SM.B	-4	0.6491	0.6491	0.960719	12	TGTCAATATTTACTCT	ATTGTTTTTTTAGGGG	+
FOXA2.H12CORE.1.SM.B	FOXL1.H12CORE.0.S.B	1	0.0324723	0.0324723	0.0649446	16	TGTCAATATTTACTCT	GGTTGTTTGTTTATTTTTCC	+
FOXA2.H12CORE.1.SM.B	FOXJ2.H12CORE.1.SM.B	6	0.490329	0.490329	0.664159	11	TGTCAATATTTACTCT	TTTTGTTGTAAACAAAA	-
FOXA2.H12CORE.1.SM.B	FOXM1.H12CORE.0.P.B	-6	0.000418174	0.000418174	0.000836347	10	TGTCAATATTTACTCT	TGTTTACTTTGG	+
FOXA2.H12CORE.1.SM.B	FOXJ2.H12CORE.2.S.B	4	0.00344391	0.00344391	0.00688783	16	TGTCAATATTTACTCT	CCTTTGTTTTTGTTTACTTT	+
FOXA2.H12CORE.1.SM.B	FOXD2.H12CORE.0.S.B	1	9.85651e-07	9.85651e-07	1.9713e-06	16	TGTCAATATTTACTCT	GGGTAAATATTTACTTAACC	+
FOXA2.H12CORE.1.SM.B	FOXR2.H12CORE.0.M.C	1	0.250168	0.250168	0.31861	16	TGTCAATATTTACTCT	ATATTTATGTATATATA	+
FOXA2.H12CORE.1.SM.B	FOXA3.H12CORE.0.PS.A	-4	0.000835753	0.000835753	0.00167151	12	TGTCAATATTTACTCT	CATGTTTACTTA	+
FOXA2.H12CORE.1.SM.B	FOXA3.H12CORE.1.M.C	0	9.53153e-12	9.53153e-12	1.90631e-11	16	TGTCAATATTTACTCT	TGCAAATATTTACTTAACG	+
FOXA2.H12CORE.1.SM.B	FOXO4.H12CORE.0.SM.B	1	0.642562	0.642562	0.707014	10	TGTCAATATTTACTCT	ACGTAAACAAC	-
FOXA2.H12CORE.1.SM.B	FOXD3.H12CORE.0.P.C	-4	0.111098	0.111098	0.222196	12	TGTCAATATTTACTCT	GTTGTTTACTTAGG	+
FOXA2.H12CORE.1.SM.B	FOXB1.H12CORE.0.SM.B	0	8.13806e-12	8.13806e-12	1.62761e-11	16	TGTCAATATTTACTCT	TGTAAATATTTACATAAGG	+
FOXA2.H12CORE.1.SM.B	FOXJ2.H12CORE.0.PSM.A	1	0.0570455	0.0570455	0.0659874	13	TGTCAATATTTACTCT	TTGTAAACAACAAC	-
FOXA2.H12CORE.1.SM.B	FOXK2.H12CORE.0.P.B	-4	0.233826	0.233826	0.457504	11	TGTCAATATTTACTCT	CTTGTTTACAT	+
FOXA2.H12CORE.0.PSM.A	FOXF1.H12CORE.0.P.C	3	0.000953391	0.000953391	0.00190678	9	TGTTTACATAGG	TCCTGTTTATAT	+
FOXA2.H12CORE.0.PSM.A	FOXL2.H12CORE.0.PSM.A	0	3.86564e-05	3.86564e-05	7.73128e-05	10	TGTTTACATAGG	TGTTTACATT	+
FOXA2.H12CORE.0.PSM.A	FOXD3.H12CORE.1.S.B	7	1.01921e-06	1.01921e-06	2.03842e-06	12	TGTTTACATAGG	AAGTAAATATTTACTTAAGG	+
FOXA2.H12CORE.0.PSM.A	FOXE1.H12CORE.1.S.C	4	0.160284	0.160284	0.320568	7	TGTTTACATAGG	TTGTTGTTTTT	+
FOXA2.H12CORE.0.PSM.A	FOXJ3.H12CORE.0.SM.B	2	0.00289384	0.00289384	0.00578768	10	TGTTTACATAGG	TTTGTTTACGTT	+
FOXA2.H12CORE.0.PSM.A	FOXG1.H12CORE.0.PSM.A	3	0.00149979	0.00149979	0.00299957	12	TGTTTACATAGG	CTGTGTTTACACACA	+
FOXA2.H12CORE.0.PSM.A	FOXH1.H12CORE.0.P.B	0	0.125641	0.125641	0.251281	9	TGTTTACATAGG	TGTGGATTG	+
FOXA2.H12CORE.0.PSM.A	FOXP2.H12CORE.0.P.B	1	0.000143746	0.000143746	0.000287491	7	TGTTTACATAGG	CTGTTTAC	+
FOXA2.H12CORE.0.PSM.A	FOXK1.H12CORE.0.PS.A	0	8.20224e-06	8.20224e-06	1.64045e-05	10	TGTTTACATAGG	TGTTTACATT	+
FOXA2.H12CORE.0.PSM.A	FOXO1.H12CORE.0.PS.A	1	0.000187263	0.000187263	0.000374527	8	TGTTTACATAGG	CTGTTTACA	+
FOXA2.H12CORE.0.PSM.A	FOXA1.H12CORE.1.S.C	3	7.54621e-09	7.54621e-09	1.50924e-08	12	TGTTTACATAGG	GTTTGTTTACTTAAGG	+
FOXA2.H12CORE.0.PSM.A	FOXC1.H12CORE.0.S.B	6	2.11642e-07	2.11642e-07	4.23284e-07	12	TGTTTACATAGG	TGTCAATATTTACATAAGG	+
FOXA2.H12CORE.0.PSM.A	FOXP3.H12CORE.0.P.B	3	0.00745499	0.00745499	0.01491	7	TGTTTACATAGG	TTTTGTTTAC	+
FOXA2.H12CORE.0.PSM.A	FOXC1.H12CORE.1.S.C	4	0.000154487	0.000154487	0.000308974	10	TGTTTACATAGG	TCATTGTTTACTTA	+
FOXA2.H12CORE.0.PSM.A	FOXA1.H12CORE.0.P.B	0	1.31435e-12	1.31435e-12	2.6287e-12	11	TGTTTACATAGG	TGTTTACTTAG	+
FOXA2.H12CORE.0.PSM.A	FOXO6.H12CORE.0.S.B	3	0.00426875	0.00426875	0.0085375	9	TGTTTACATAGG	TCTTGTTTACGT	+
FOXA2.H12CORE.0.PSM.A	FOXD2.H12CORE.1.SM.B	1	0.0154285	0.0154285	0.0308569	12	TGTTTACATAGG	TTGTTATTGTAAGGG	+
FOXA2.H12CORE.0.PSM.A	FOXE1.H12CORE.0.SM.B	2	0.000158007	0.000158007	0.000316015	12	TGTTTACATAGG	ATTGTTTTTTTAGGGG	+
FOXA2.H12CORE.0.PSM.A	FOXL1.H12CORE.0.S.B	7	0.00367752	0.00367752	0.00735504	12	TGTTTACATAGG	GGTTGTTTGTTTATTTTTCC	+
FOXA2.H12CORE.0.PSM.A	FOXJ2.H12CORE.1.SM.B	3	0.173559	0.173559	0.306449	12	TGTTTACATAGG	TTTTGTTTACAACAAAA	+
FOXA2.H12CORE.0.PSM.A	FOXM1.H12CORE.0.P.B	0	3.54785e-10	3.54785e-10	7.0957e-10	12	TGTTTACATAGG	TGTTTACTTTGG	+
FOXA2.H12CORE.0.PSM.A	FOXJ2.H12CORE.2.S.B	10	0.00207707	0.00207707	0.00415415	10	TGTTTACATAGG	CCTTTGTTTTTGTTTACTTT	+
FOXA2.H12CORE.0.PSM.A	FOXD2.H12CORE.0.S.B	7	1.04945e-05	1.04945e-05	2.0989e-05	12	TGTTTACATAGG	GGGTAAATATTTACTTAACC	+
FOXA2.H12CORE.0.PSM.A	FOXR2.H12CORE.0.M.C	7	0.0390717	0.0390717	0.0781433	10	TGTTTACATAGG	ATATTTATGTATATATA	+
FOXA2.H12CORE.0.PSM.A	FOXA3.H12CORE.0.PS.A	2	6.9702e-06	6.9702e-06	1.39404e-05	10	TGTTTACATAGG	CATGTTTACTTA	+
FOXA2.H12CORE.0.PSM.A	FOXA3.H12CORE.1.M.C	6	4.16279e-06	4.16279e-06	8.32557e-06	12	TGTTTACATAGG	TGCAAATATTTACTTAACG	+
FOXA2.H12CORE.0.PSM.A	FOXO4.H12CORE.0.SM.B	2	0.00683737	0.00683737	0.0136747	9	TGTTTACATAGG	GTTGTTTACGT	+
FOXA2.H12CORE.0.PSM.A	FOXD3.H12CORE.0.P.C	2	7.29974e-10	7.29974e-10	1.45995e-09	12	TGTTTACATAGG	GTTGTTTACTTAGG	+
FOXA2.H12CORE.0.PSM.A	FOXB1.H12CORE.0.SM.B	6	2.84046e-07	2.84046e-07	5.68091e-07	12	TGTTTACATAGG	TGTAAATATTTACATAAGG	+
FOXA2.H12CORE.0.PSM.A	FOXJ2.H12CORE.0.PSM.A	5	0.00746615	0.00746615	0.0149323	9	TGTTTACATAGG	GTTGTTGTTTACAA	+
FOXA2.H12CORE.0.PSM.A	FOXK2.H12CORE.0.P.B	2	0.000122791	0.000122791	0.000245582	9	TGTTTACATAGG	CTTGTTTACAT	+
FOXF1.H12CORE.0.P.C	FOXL2.H12CORE.0.PSM.A	-3	0.000617503	0.000617503	0.00123501	9	TCCTGTTTATAT	TGTTTACATT	+
FOXF1.H12CORE.0.P.C	FOXD3.H12CORE.1.S.B	0	0.156577	0.156577	0.313154	12	TCCTGTTTATAT	CCTTAAGTAAATATTTACTT	-
FOXF1.H12CORE.0.P.C	FOXE1.H12CORE.1.S.C	1	0.0170049	0.0170049	0.0340099	10	TCCTGTTTATAT	TTGTTGTTTTT	+
FOXF1.H12CORE.0.P.C	FOXJ3.H12CORE.0.SM.B	-1	0.0112541	0.0112541	0.0225083	11	TCCTGTTTATAT	TTTGTTTACGTT	+
FOXF1.H12CORE.0.P.C	FOXG1.H12CORE.0.PSM.A	0	7.70009e-05	7.70009e-05	0.000154002	12	TCCTGTTTATAT	CTGTGTTTACACACA	+
FOXF1.H12CORE.0.P.C	FOXH1.H12CORE.0.P.B	-3	0.141266	0.141266	0.282533	9	TCCTGTTTATAT	TGTGGATTG	+
FOXF1.H12CORE.0.P.C	FOXP2.H12CORE.0.P.B	-2	9.27093e-05	9.27093e-05	0.000185419	8	TCCTGTTTATAT	CTGTTTAC	+
FOXF1.H12CORE.0.P.C	FOXK1.H12CORE.0.PS.A	-3	0.000743097	0.000743097	0.00148619	9	TCCTGTTTATAT	TGTTTACATT	+
FOXF1.H12CORE.0.P.C	FOXO1.H12CORE.0.PS.A	-2	0.000132578	0.000132578	0.000265157	9	TCCTGTTTATAT	CTGTTTACA	+
FOXF1.H12CORE.0.P.C	FOXA1.H12CORE.1.S.C	0	0.000833811	0.000833811	0.00166762	12	TCCTGTTTATAT	GTTTGTTTACTTAAGG	+
FOXF1.H12CORE.0.P.C	FOXC1.H12CORE.0.S.B	3	0.195453	0.195453	0.195453	12	TCCTGTTTATAT	TGTCAATATTTACATAAGG	+
FOXF1.H12CORE.0.P.C	FOXP3.H12CORE.0.P.B	0	7.74346e-06	7.74346e-06	1.54869e-05	10	TCCTGTTTATAT	TTTTGTTTAC	+
FOXF1.H12CORE.0.P.C	FOXC1.H12CORE.1.S.C	1	0.00225275	0.00225275	0.00450551	12	TCCTGTTTATAT	TCATTGTTTACTTA	+
FOXF1.H12CORE.0.P.C	FOXA1.H12CORE.0.P.B	-3	0.00471576	0.00471576	0.00943153	9	TCCTGTTTATAT	TGTTTACTTAG	+
FOXF1.H12CORE.0.P.C	FOXO6.H12CORE.0.S.B	0	0.00261792	0.00261792	0.00523584	12	TCCTGTTTATAT	TCTTGTTTACGT	+
FOXF1.H12CORE.0.P.C	FOXD2.H12CORE.1.SM.B	-2	0.441269	0.441269	0.882538	10	TCCTGTTTATAT	TTGTTATTGTAAGGG	+
FOXF1.H12CORE.0.P.C	FOXE1.H12CORE.0.SM.B	-1	0.0677398	0.0677398	0.13548	11	TCCTGTTTATAT	ATTGTTTTTTTAGGGG	+
FOXF1.H12CORE.0.P.C	FOXL1.H12CORE.0.S.B	4	0.00190411	0.00190411	0.00380822	12	TCCTGTTTATAT	GGTTGTTTGTTTATTTTTCC	+
FOXF1.H12CORE.0.P.C	FOXJ2.H12CORE.1.SM.B	0	0.00973969	0.00973969	0.0194794	12	TCCTGTTTATAT	TTTTGTTTACAACAAAA	+
FOXF1.H12CORE.0.P.C	FOXM1.H12CORE.0.P.B	-3	0.0202795	0.0202795	0.040559	9	TCCTGTTTATAT	TGTTTACTTTGG	+
FOXF1.H12CORE.0.P.C	FOXJ2.H12CORE.2.S.B	1	0.0141261	0.0141261	0.0282521	12	TCCTGTTTATAT	CCTTTGTTTTTGTTTACTTT	+
FOXF1.H12CORE.0.P.C	FOXD2.H12CORE.0.S.B	4	0.400608	0.400608	0.484735	12	TCCTGTTTATAT	GGGTAAATATTTACTTAACC	+
FOXF1.H12CORE.0.P.C	FOXR2.H12CORE.0.M.C	4	0.0239749	0.0239749	0.0479497	12	TCCTGTTTATAT	ATATTTATGTATATATA	+
FOXF1.H12CORE.0.P.C	FOXA3.H12CORE.0.PS.A	-1	0.00049601	0.00049601	0.00099202	11	TCCTGTTTATAT	CATGTTTACTTA	+
FOXF1.H12CORE.0.P.C	FOXA3.H12CORE.1.M.C	2	0.21884	0.21884	0.437681	12	TCCTGTTTATAT	CGTTAAGTAAATATTTGCA	-
FOXF1.H12CORE.0.P.C	FOXO4.H12CORE.0.SM.B	-1	0.00354482	0.00354482	0.00708964	11	TCCTGTTTATAT	GTTGTTTACGT	+
FOXF1.H12CORE.0.P.C	FOXD3.H12CORE.0.P.C	-1	0.000375206	0.000375206	0.000750412	11	TCCTGTTTATAT	GTTGTTTACTTAGG	+
FOXF1.H12CORE.0.P.C	FOXB1.H12CORE.0.SM.B	0	0.150795	0.150795	0.301589	12	TCCTGTTTATAT	CCTTATGTAAATATTTACA	-
FOXF1.H12CORE.0.P.C	FOXJ2.H12CORE.0.PSM.A	2	0.00103496	0.00103496	0.00206991	12	TCCTGTTTATAT	GTTGTTGTTTACAA	+
FOXF1.H12CORE.0.P.C	FOXK2.H12CORE.0.P.B	-1	1.23812e-05	1.23812e-05	2.47624e-05	11	TCCTGTTTATAT	CTTGTTTACAT	+
FOXL2.H12CORE.0.PSM.A	FOXD3.H12CORE.1.S.B	7	0.00304808	0.00304808	0.00609617	10	TGTTTACATT	AAGTAAATATTTACTTAAGG	+
FOXL2.H12CORE.0.PSM.A	FOXE1.H12CORE.1.S.C	4	0.114648	0.114648	0.229296	7	TGTTTACATT	TTGTTGTTTTT	+
FOXL2.H12CORE.0.PSM.A	FOXJ3.H12CORE.0.SM.B	2	0.000628385	0.000628385	0.00125677	10	TGTTTACATT	TTTGTTTACGTT	+
FOXL2.H12CORE.0.PSM.A	FOXG1.H12CORE.0.PSM.A	3	0.000654989	0.000654989	0.00130998	10	TGTTTACATT	CTGTGTTTACACACA	+
FOXL2.H12CORE.0.PSM.A	FOXH1.H12CORE.0.P.B	0	0.328564	0.328564	0.657127	9	TGTTTACATT	TGTGGATTG	+
FOXL2.H12CORE.0.PSM.A	FOXP2.H12CORE.0.P.B	1	0.000535544	0.000535544	0.00107109	7	TGTTTACATT	CTGTTTAC	+
FOXL2.H12CORE.0.PSM.A	FOXK1.H12CORE.0.PS.A	0	6.075e-09	6.075e-09	1.215e-08	10	TGTTTACATT	TGTTTACATT	+
FOXL2.H12CORE.0.PSM.A	FOXO1.H12CORE.0.PS.A	1	0.000184001	0.000184001	0.000368001	8	TGTTTACATT	CTGTTTACA	+
FOXL2.H12CORE.0.PSM.A	FOXA1.H12CORE.1.S.C	3	0.000315764	0.000315764	0.000631527	10	TGTTTACATT	GTTTGTTTACTTAAGG	+
FOXL2.H12CORE.0.PSM.A	FOXC1.H12CORE.0.S.B	6	0.000624903	0.000624903	0.00124981	10	TGTTTACATT	TGTCAATATTTACATAAGG	+
FOXL2.H12CORE.0.PSM.A	FOXP3.H12CORE.0.P.B	3	0.00917279	0.00917279	0.0183456	7	TGTTTACATT	TTTTGTTTAC	+
FOXL2.H12CORE.0.PSM.A	FOXC1.H12CORE.1.S.C	4	0.000374383	0.000374383	0.000748766	10	TGTTTACATT	TCATTGTTTACTTA	+
FOXL2.H12CORE.0.PSM.A	FOXA1.H12CORE.0.P.B	0	1.73616e-05	1.73616e-05	3.47231e-05	10	TGTTTACATT	TGTTTACTTAG	+
FOXL2.H12CORE.0.PSM.A	FOXO6.H12CORE.0.S.B	3	0.00153722	0.00153722	0.00307443	9	TGTTTACATT	TCTTGTTTACGT	+
FOXL2.H12CORE.0.PSM.A	FOXD2.H12CORE.1.SM.B	1	0.167607	0.167607	0.335215	10	TGTTTACATT	TTGTTATTGTAAGGG	+
FOXL2.H12CORE.0.PSM.A	FOXE1.H12CORE.0.SM.B	2	0.0219607	0.0219607	0.0439213	10	TGTTTACATT	ATTGTTTTTTTAGGGG	+
FOXL2.H12CORE.0.PSM.A	FOXL1.H12CORE.0.S.B	7	0.000109865	0.000109865	0.00021973	10	TGTTTACATT	GGTTGTTTGTTTATTTTTCC	+
FOXL2.H12CORE.0.PSM.A	FOXJ2.H12CORE.1.SM.B	3	0.0126909	0.0126909	0.0253818	10	TGTTTACATT	TTTTGTTTACAACAAAA	+
FOXL2.H12CORE.0.PSM.A	FOXM1.H12CORE.0.P.B	0	8.37099e-05	8.37099e-05	0.00016742	10	TGTTTACATT	TGTTTACTTTGG	+
FOXL2.H12CORE.0.PSM.A	FOXJ2.H12CORE.2.S.B	10	0.000375586	0.000375586	0.000751172	10	TGTTTACATT	CCTTTGTTTTTGTTTACTTT	+
FOXL2.H12CORE.0.PSM.A	FOXD2.H12CORE.0.S.B	7	0.00249128	0.00249128	0.00498256	10	TGTTTACATT	GGGTAAATATTTACTTAACC	+
FOXL2.H12CORE.0.PSM.A	FOXR2.H12CORE.0.M.C	7	0.0073623	0.0073623	0.0147246	10	TGTTTACATT	ATATTTATGTATATATA	+
FOXL2.H12CORE.0.PSM.A	FOXA3.H12CORE.0.PS.A	2	1.48212e-05	1.48212e-05	2.96423e-05	10	TGTTTACATT	CATGTTTACTTA	+
FOXL2.H12CORE.0.PSM.A	FOXA3.H12CORE.1.M.C	6	0.00789436	0.00789436	0.0157887	10	TGTTTACATT	TGCAAATATTTACTTAACG	+
FOXL2.H12CORE.0.PSM.A	FOXO4.H12CORE.0.SM.B	2	0.00243325	0.00243325	0.00486651	9	TGTTTACATT	GTTGTTTACGT	+
FOXL2.H12CORE.0.PSM.A	FOXD3.H12CORE.0.P.C	2	2.4966e-05	2.4966e-05	4.9932e-05	10	TGTTTACATT	GTTGTTTACTTAGG	+
FOXL2.H12CORE.0.PSM.A	FOXB1.H12CORE.0.SM.B	6	0.00336859	0.00336859	0.00673717	10	TGTTTACATT	TGTAAATATTTACATAAGG	+
FOXL2.H12CORE.0.PSM.A	FOXJ2.H12CORE.0.PSM.A	5	0.000417433	0.000417433	0.000834866	9	TGTTTACATT	GTTGTTGTTTACAA	+
FOXL2.H12CORE.0.PSM.A	FOXK2.H12CORE.0.P.B	2	5.25296e-05	5.25296e-05	0.000105059	9	TGTTTACATT	CTTGTTTACAT	+
FOXD3.H12CORE.1.S.B	FOXE1.H12CORE.1.S.C	-2	0.968074	0.968074	0.998563	11	AAGTAAATATTTACTTAAGG	AAAAACAACAA	-
FOXD3.H12CORE.1.S.B	FOXJ3.H12CORE.0.SM.B	-5	0.187349	0.187349	0.374697	12	AAGTAAATATTTACTTAAGG	TTTGTTTACGTT	+
FOXD3.H12CORE.1.S.B	FOXG1.H12CORE.0.PSM.A	-5	0.598228	0.598228	0.648362	15	AAGTAAATATTTACTTAAGG	TGTGTGTAAACACAG	-
FOXD3.H12CORE.1.S.B	FOXH1.H12CORE.0.P.B	-7	0.833847	0.833847	0.884043	9	AAGTAAATATTTACTTAAGG	TGTGGATTG	+
FOXD3.H12CORE.1.S.B	FOXP2.H12CORE.0.P.B	-6	0.0576108	0.0576108	0.115222	8	AAGTAAATATTTACTTAAGG	CTGTTTAC	+
FOXD3.H12CORE.1.S.B	FOXK1.H12CORE.0.PS.A	-7	0.0048665	0.0048665	0.00973299	10	AAGTAAATATTTACTTAAGG	TGTTTACATT	+
FOXD3.H12CORE.1.S.B	FOXO1.H12CORE.0.PS.A	-6	0.10301	0.10301	0.206021	9	AAGTAAATATTTACTTAAGG	CTGTTTACA	+
FOXD3.H12CORE.1.S.B	FOXA1.H12CORE.1.S.C	-4	0.000356314	0.000356314	0.000712628	16	AAGTAAATATTTACTTAAGG	GTTTGTTTACTTAAGG	+
FOXD3.H12CORE.1.S.B	FOXC1.H12CORE.0.S.B	-1	7.23236e-11	7.23236e-11	1.44647e-10	19	AAGTAAATATTTACTTAAGG	TGTCAATATTTACATAAGG	+
FOXD3.H12CORE.1.S.B	FOXP3.H12CORE.0.P.B	-4	0.760666	0.760666	0.967189	10	AAGTAAATATTTACTTAAGG	TTTTGTTTAC	+
FOXD3.H12CORE.1.S.B	FOXC1.H12CORE.1.S.C	-3	0.00982613	0.00982613	0.0196523	14	AAGTAAATATTTACTTAAGG	TCATTGTTTACTTA	+
FOXD3.H12CORE.1.S.B	FOXA1.H12CORE.0.P.B	-7	0.000278796	0.000278796	0.000557592	11	AAGTAAATATTTACTTAAGG	TGTTTACTTAG	+
FOXD3.H12CORE.1.S.B	FOXO6.H12CORE.0.S.B	-4	0.0773087	0.0773087	0.154617	12	AAGTAAATATTTACTTAAGG	TCTTGTTTACGT	+
FOXD3.H12CORE.1.S.B	FOXD2.H12CORE.1.SM.B	-6	0.00936088	0.00936088	0.0187218	14	AAGTAAATATTTACTTAAGG	TTGTTATTGTAAGGG	+
FOXD3.H12CORE.1.S.B	FOXE1.H12CORE.0.SM.B	-5	0.00190298	0.00190298	0.00380596	15	AAGTAAATATTTACTTAAGG	ATTGTTTTTTTAGGGG	+
FOXD3.H12CORE.1.S.B	FOXL1.H12CORE.0.S.B	0	0.416296	0.416296	0.729927	20	AAGTAAATATTTACTTAAGG	GGAAAAATAAACAAACAACC	-
FOXD3.H12CORE.1.S.B	FOXJ2.H12CORE.1.SM.B	-4	0.876989	0.876989	0.997741	16	AAGTAAATATTTACTTAAGG	TTTTGTTTACAACAAAA	+
FOXD3.H12CORE.1.S.B	FOXM1.H12CORE.0.P.B	-7	0.000137	0.000137	0.000274001	12	AAGTAAATATTTACTTAAGG	TGTTTACTTTGG	+
FOXD3.H12CORE.1.S.B	FOXJ2.H12CORE.2.S.B	1	0.00225683	0.00225683	0.00451365	19	AAGTAAATATTTACTTAAGG	AAAGTAAACAAAAACAAAGG	-
FOXD3.H12CORE.1.S.B	FOXD2.H12CORE.0.S.B	0	4.89843e-07	4.89843e-07	9.79686e-07	20	AAGTAAATATTTACTTAAGG	GGGTAAATATTTACTTAACC	+
FOXD3.H12CORE.1.S.B	FOXR2.H12CORE.0.M.C	-5	0.117374	0.117374	0.157864	15	AAGTAAATATTTACTTAAGG	TATATATACATAAATAT	-
FOXD3.H12CORE.1.S.B	FOXA3.H12CORE.0.PS.A	-5	0.000644234	0.000644234	0.00128847	12	AAGTAAATATTTACTTAAGG	CATGTTTACTTA	+
FOXD3.H12CORE.1.S.B	FOXA3.H12CORE.1.M.C	-1	1.06557e-07	1.06557e-07	2.13115e-07	19	AAGTAAATATTTACTTAAGG	TGCAAATATTTACTTAACG	+
FOXD3.H12CORE.1.S.B	FOXO4.H12CORE.0.SM.B	-5	0.148277	0.148277	0.296554	11	AAGTAAATATTTACTTAAGG	GTTGTTTACGT	+
FOXD3.H12CORE.1.S.B	FOXD3.H12CORE.0.P.C	-5	0.0108417	0.0108417	0.0216834	14	AAGTAAATATTTACTTAAGG	GTTGTTTACTTAGG	+
FOXD3.H12CORE.1.S.B	FOXB1.H12CORE.0.SM.B	-1	1.99925e-08	1.99925e-08	3.9985e-08	19	AAGTAAATATTTACTTAAGG	TGTAAATATTTACATAAGG	+
FOXD3.H12CORE.1.S.B	FOXJ2.H12CORE.0.PSM.A	-2	0.122249	0.122249	0.244499	14	AAGTAAATATTTACTTAAGG	GTTGTTGTTTACAA	+
FOXD3.H12CORE.1.S.B	FOXK2.H12CORE.0.P.B	-5	0.08358	0.08358	0.138046	11	AAGTAAATATTTACTTAAGG	CTTGTTTACAT	+
FOXE1.H12CORE.1.S.C	FOXJ3.H12CORE.0.SM.B	-2	0.0640019	0.0640019	0.128004	9	TTGTTGTTTTT	TTTGTTTACGTT	+
FOXE1.H12CORE.1.S.C	FOXG1.H12CORE.0.PSM.A	-1	0.0263073	0.0263073	0.0526145	10	TTGTTGTTTTT	CTGTGTTTACACACA	+
FOXE1.H12CORE.1.S.C	FOXH1.H12CORE.0.P.B	-1	0.305169	0.305169	0.610338	9	TTGTTGTTTTT	TGTGGATTG	+
FOXE1.H12CORE.1.S.C	FOXP2.H12CORE.0.P.B	-3	0.0343722	0.0343722	0.0687443	8	TTGTTGTTTTT	CTGTTTAC	+
FOXE1.H12CORE.1.S.C	FOXK1.H12CORE.0.PS.A	-1	0.181709	0.181709	0.363419	10	TTGTTGTTTTT	TGTTTACATT	+
FOXE1.H12CORE.1.S.C	FOXO1.H12CORE.0.PS.A	-3	0.0441134	0.0441134	0.0882268	8	TTGTTGTTTTT	CTGTTTACA	+
FOXE1.H12CORE.1.S.C	FOXA1.H12CORE.1.S.C	-1	0.0646658	0.0646658	0.129332	10	TTGTTGTTTTT	GTTTGTTTACTTAAGG	+
FOXE1.H12CORE.1.S.C	FOXC1.H12CORE.0.S.B	5	0.957742	0.957742	0.995307	11	TTGTTGTTTTT	TGTCAATATTTACATAAGG	+
FOXE1.H12CORE.1.S.C	FOXP3.H12CORE.0.P.B	-1	0.000250923	0.000250923	0.000501846	10	TTGTTGTTTTT	TTTTGTTTAC	+
FOXE1.H12CORE.1.S.C	FOXC1.H12CORE.1.S.C	0	0.107395	0.107395	0.214791	11	TTGTTGTTTTT	TCATTGTTTACTTA	+
FOXE1.H12CORE.1.S.C	FOXA1.H12CORE.0.P.B	-1	0.361672	0.361672	0.723343	10	TTGTTGTTTTT	TGTTTACTTAG	+
FOXE1.H12CORE.1.S.C	FOXO6.H12CORE.0.S.B	-1	0.0997607	0.0997607	0.199521	10	TTGTTGTTTTT	TCTTGTTTACGT	+
FOXE1.H12CORE.1.S.C	FOXD2.H12CORE.1.SM.B	0	0.00898238	0.00898238	0.0179648	11	TTGTTGTTTTT	TTGTTATTGTAAGGG	+
FOXE1.H12CORE.1.S.C	FOXE1.H12CORE.0.SM.B	-2	0.000777426	0.000777426	0.00155485	9	TTGTTGTTTTT	ATTGTTTTTTTAGGGG	+
FOXE1.H12CORE.1.S.C	FOXL1.H12CORE.0.S.B	-1	0.00503197	0.00503197	0.0100639	10	TTGTTGTTTTT	GGTTGTTTGTTTATTTTTCC	+
FOXE1.H12CORE.1.S.C	FOXJ2.H12CORE.1.SM.B	-1	0.0386355	0.0386355	0.0726216	10	TTGTTGTTTTT	TTTTGTTTACAACAAAA	+
FOXE1.H12CORE.1.S.C	FOXM1.H12CORE.0.P.B	0	0.0316827	0.0316827	0.0633654	11	TTGTTGTTTTT	TGTTTACTTTGG	+
FOXE1.H12CORE.1.S.C	FOXJ2.H12CORE.2.S.B	0	0.00389429	0.00389429	0.00778858	11	TTGTTGTTTTT	CCTTTGTTTTTGTTTACTTT	+
FOXE1.H12CORE.1.S.C	FOXD2.H12CORE.0.S.B	6	0.694123	0.694123	0.977945	11	TTGTTGTTTTT	GGGTAAATATTTACTTAACC	+
FOXE1.H12CORE.1.S.C	FOXR2.H12CORE.0.M.C	3	0.130194	0.130194	0.260388	11	TTGTTGTTTTT	ATATTTATGTATATATA	+
FOXE1.H12CORE.1.S.C	FOXA3.H12CORE.0.PS.A	2	0.372293	0.372293	0.744585	10	TTGTTGTTTTT	CATGTTTACTTA	+
FOXE1.H12CORE.1.S.C	FOXA3.H12CORE.1.M.C	-1	0.841264	0.841264	0.998477	10	TTGTTGTTTTT	CGTTAAGTAAATATTTGCA	-
FOXE1.H12CORE.1.S.C	FOXO4.H12CORE.0.SM.B	-2	0.00518419	0.00518419	0.0103684	9	TTGTTGTTTTT	GTTGTTTACGT	+
FOXE1.H12CORE.1.S.C	FOXD3.H12CORE.0.P.C	-2	0.00729233	0.00729233	0.0145847	9	TTGTTGTTTTT	GTTGTTTACTTAGG	+
FOXE1.H12CORE.1.S.C	FOXB1.H12CORE.0.SM.B	-1	0.955121	0.955121	0.981995	10	TTGTTGTTTTT	TGTAAATATTTACATAAGG	+
FOXE1.H12CORE.1.S.C	FOXJ2.H12CORE.0.PSM.A	1	0.000191258	0.000191258	0.000382516	11	TTGTTGTTTTT	GTTGTTGTTTACAA	+
FOXE1.H12CORE.1.S.C	FOXK2.H12CORE.0.P.B	-2	0.118446	0.118446	0.236893	9	TTGTTGTTTTT	CTTGTTTACAT	+
FOXJ3.H12CORE.0.SM.B	FOXG1.H12CORE.0.PSM.A	1	0.00424312	0.00424312	0.00848625	12	TTTGTTTACGTT	CTGTGTTTACACACA	+
FOXJ3.H12CORE.0.SM.B	FOXH1.H12CORE.0.P.B	-2	0.451326	0.451326	0.902652	9	TTTGTTTACGTT	TGTGGATTG	+
FOXJ3.H12CORE.0.SM.B	FOXP2.H12CORE.0.P.B	-1	0.000602659	0.000602659	0.00120532	8	TTTGTTTACGTT	CTGTTTAC	+
FOXJ3.H12CORE.0.SM.B	FOXK1.H12CORE.0.PS.A	-2	0.000272251	0.000272251	0.000544501	10	TTTGTTTACGTT	TGTTTACATT	+
FOXJ3.H12CORE.0.SM.B	FOXO1.H12CORE.0.PS.A	-1	0.00359801	0.00359801	0.00719603	9	TTTGTTTACGTT	CTGTTTACA	+
FOXJ3.H12CORE.0.SM.B	FOXA1.H12CORE.1.S.C	1	0.000115689	0.000115689	0.000231377	12	TTTGTTTACGTT	GTTTGTTTACTTAAGG	+
FOXJ3.H12CORE.0.SM.B	FOXC1.H12CORE.0.S.B	4	0.0163409	0.0163409	0.0326819	12	TTTGTTTACGTT	TGTCAATATTTACATAAGG	+
FOXJ3.H12CORE.0.SM.B	FOXP3.H12CORE.0.P.B	1	0.000521753	0.000521753	0.00104351	9	TTTGTTTACGTT	TTTTGTTTAC	+
FOXJ3.H12CORE.0.SM.B	FOXC1.H12CORE.1.S.C	2	0.000100093	0.000100093	0.000200186	12	TTTGTTTACGTT	TCATTGTTTACTTA	+
FOXJ3.H12CORE.0.SM.B	FOXA1.H12CORE.0.P.B	-2	0.00176738	0.00176738	0.00353477	10	TTTGTTTACGTT	TGTTTACTTAG	+
FOXJ3.H12CORE.0.SM.B	FOXO6.H12CORE.0.S.B	1	0.000111414	0.000111414	0.000222829	11	TTTGTTTACGTT	TCTTGTTTACGT	+
FOXJ3.H12CORE.0.SM.B	FOXD2.H12CORE.1.SM.B	-1	0.00983264	0.00983264	0.0196653	11	TTTGTTTACGTT	TTGTTATTGTAAGGG	+
FOXJ3.H12CORE.0.SM.B	FOXE1.H12CORE.0.SM.B	0	0.0205358	0.0205358	0.0410716	12	TTTGTTTACGTT	ATTGTTTTTTTAGGGG	+
FOXJ3.H12CORE.0.SM.B	FOXL1.H12CORE.0.S.B	5	0.000189552	0.000189552	0.000379105	12	TTTGTTTACGTT	GGTTGTTTGTTTATTTTTCC	+
FOXJ3.H12CORE.0.SM.B	FOXJ2.H12CORE.1.SM.B	1	0.0120688	0.0120688	0.0241377	12	TTTGTTTACGTT	TTTTGTTTACAACAAAA	+
FOXJ3.H12CORE.0.SM.B	FOXM1.H12CORE.0.P.B	-2	0.00148811	0.00148811	0.00297621	10	TTTGTTTACGTT	TGTTTACTTTGG	+
FOXJ3.H12CORE.0.SM.B	FOXJ2.H12CORE.2.S.B	8	4.45298e-06	4.45298e-06	8.90596e-06	12	TTTGTTTACGTT	CCTTTGTTTTTGTTTACTTT	+
FOXJ3.H12CORE.0.SM.B	FOXD2.H12CORE.0.S.B	5	0.0303658	0.0303658	0.0607316	12	TTTGTTTACGTT	GGGTAAATATTTACTTAACC	+
FOXJ3.H12CORE.0.SM.B	FOXR2.H12CORE.0.M.C	5	0.00125319	0.00125319	0.00250638	12	TTTGTTTACGTT	ATATTTATGTATATATA	+
FOXJ3.H12CORE.0.SM.B	FOXA3.H12CORE.0.PS.A	0	0.00138921	0.00138921	0.00277842	12	TTTGTTTACGTT	CATGTTTACTTA	+
FOXJ3.H12CORE.0.SM.B	FOXA3.H12CORE.1.M.C	4	0.102481	0.102481	0.204962	12	TTTGTTTACGTT	TGCAAATATTTACTTAACG	+
FOXJ3.H12CORE.0.SM.B	FOXO4.H12CORE.0.SM.B	0	2.89592e-05	2.89592e-05	5.79184e-05	11	TTTGTTTACGTT	GTTGTTTACGT	+
FOXJ3.H12CORE.0.SM.B	FOXD3.H12CORE.0.P.C	0	0.000176341	0.000176341	0.000352683	12	TTTGTTTACGTT	GTTGTTTACTTAGG	+
FOXJ3.H12CORE.0.SM.B	FOXB1.H12CORE.0.SM.B	4	0.0708683	0.0708683	0.141737	12	TTTGTTTACGTT	TGTAAATATTTACATAAGG	+
FOXJ3.H12CORE.0.SM.B	FOXJ2.H12CORE.0.PSM.A	3	0.000147079	0.000147079	0.000294158	11	TTTGTTTACGTT	GTTGTTGTTTACAA	+
FOXJ3.H12CORE.0.SM.B	FOXK2.H12CORE.0.P.B	0	0.00158295	0.00158295	0.0031659	11	TTTGTTTACGTT	CTTGTTTACAT	+
FOXG1.H12CORE.0.PSM.A	FOXH1.H12CORE.0.P.B	-1	0.0469032	0.0469032	0.0938065	9	CTGTGTTTACACACA	TGTGGATTG	+
FOXG1.H12CORE.0.PSM.A	FOXP2.H12CORE.0.P.B	-2	0.000290582	0.000290582	0.000581165	8	CTGTGTTTACACACA	CTGTTTAC	+
FOXG1.H12CORE.0.PSM.A	FOXK1.H12CORE.0.PS.A	-3	0.000169837	0.000169837	0.000339674	10	CTGTGTTTACACACA	TGTTTACATT	+
FOXG1.H12CORE.0.PSM.A	FOXO1.H12CORE.0.PS.A	-2	6.47662e-05	6.47662e-05	0.000129532	9	CTGTGTTTACACACA	CTGTTTACA	+
FOXG1.H12CORE.0.PSM.A	FOXA1.H12CORE.1.S.C	0	0.00110159	0.00110159	0.00220319	15	CTGTGTTTACACACA	GTTTGTTTACTTAAGG	+
FOXG1.H12CORE.0.PSM.A	FOXC1.H12CORE.0.S.B	-1	0.318265	0.318265	0.586276	14	CTGTGTTTACACACA	TGTCAATATTTACATAAGG	+
FOXG1.H12CORE.0.PSM.A	FOXP3.H12CORE.0.P.B	0	1.26723e-05	1.26723e-05	2.53447e-05	10	CTGTGTTTACACACA	TTTTGTTTAC	+
FOXG1.H12CORE.0.PSM.A	FOXC1.H12CORE.1.S.C	1	0.00161964	0.00161964	0.00323927	13	CTGTGTTTACACACA	TCATTGTTTACTTA	+
FOXG1.H12CORE.0.PSM.A	FOXA1.H12CORE.0.P.B	-3	8.17584e-05	8.17584e-05	0.000163517	11	CTGTGTTTACACACA	TGTTTACTTAG	+
FOXG1.H12CORE.0.PSM.A	FOXO6.H12CORE.0.S.B	0	0.0741867	0.0741867	0.148373	12	CTGTGTTTACACACA	TCTTGTTTACGT	+
FOXG1.H12CORE.0.PSM.A	FOXD2.H12CORE.1.SM.B	-2	0.845015	0.845015	0.9697	13	CTGTGTTTACACACA	TTGTTATTGTAAGGG	+
FOXG1.H12CORE.0.PSM.A	FOXE1.H12CORE.0.SM.B	-1	0.0957443	0.0957443	0.191489	14	CTGTGTTTACACACA	ATTGTTTTTTTAGGGG	+
FOXG1.H12CORE.0.PSM.A	FOXL1.H12CORE.0.S.B	0	0.00398171	0.00398171	0.00796342	15	CTGTGTTTACACACA	GGTTGTTTGTTTATTTTTCC	+
FOXG1.H12CORE.0.PSM.A	FOXJ2.H12CORE.1.SM.B	0	0.00176707	0.00176707	0.00353414	15	CTGTGTTTACACACA	TTTTGTTTACAACAAAA	+
FOXG1.H12CORE.0.PSM.A	FOXM1.H12CORE.0.P.B	-3	0.0128329	0.0128329	0.0256658	12	CTGTGTTTACACACA	TGTTTACTTTGG	+
FOXG1.H12CORE.0.PSM.A	FOXJ2.H12CORE.2.S.B	1	0.0490019	0.0490019	0.0980038	15	CTGTGTTTACACACA	CCTTTGTTTTTGTTTACTTT	+
FOXG1.H12CORE.0.PSM.A	FOXD2.H12CORE.0.S.B	4	0.728633	0.728633	0.754085	15	CTGTGTTTACACACA	GGGTAAATATTTACTTAACC	+
FOXG1.H12CORE.0.PSM.A	FOXR2.H12CORE.0.M.C	4	0.027364	0.027364	0.054728	13	CTGTGTTTACACACA	ATATTTATGTATATATA	+
FOXG1.H12CORE.0.PSM.A	FOXA3.H12CORE.0.PS.A	-1	0.000917196	0.000917196	0.00183439	12	CTGTGTTTACACACA	CATGTTTACTTA	+
FOXG1.H12CORE.0.PSM.A	FOXA3.H12CORE.1.M.C	3	0.229921	0.229921	0.459841	15	CTGTGTTTACACACA	TGCAAATATTTACTTAACG	+
FOXG1.H12CORE.0.PSM.A	FOXO4.H12CORE.0.SM.B	-1	0.0260054	0.0260054	0.0520108	11	CTGTGTTTACACACA	GTTGTTTACGT	+
FOXG1.H12CORE.0.PSM.A	FOXD3.H12CORE.0.P.C	-1	0.000230552	0.000230552	0.000461104	14	CTGTGTTTACACACA	GTTGTTTACTTAGG	+
FOXG1.H12CORE.0.PSM.A	FOXB1.H12CORE.0.SM.B	-1	0.447428	0.447428	0.808472	14	CTGTGTTTACACACA	TGTAAATATTTACATAAGG	+
FOXG1.H12CORE.0.PSM.A	FOXJ2.H12CORE.0.PSM.A	2	0.00386032	0.00386032	0.00772064	12	CTGTGTTTACACACA	GTTGTTGTTTACAA	+
FOXG1.H12CORE.0.PSM.A	FOXK2.H12CORE.0.P.B	-1	0.000491024	0.000491024	0.000982049	11	CTGTGTTTACACACA	CTTGTTTACAT	+
FOXH1.H12CORE.0.P.B	FOXP2.H12CORE.0.P.B	1	0.136456	0.136456	0.272912	7	TGTGGATTG	CTGTTTAC	+
FOXH1.H12CORE.0.P.B	FOXK1.H12CORE.0.PS.A	0	0.16656	0.16656	0.33312	9	TGTGGATTG	TGTTTACATT	+
FOXH1.H12CORE.0.P.B	FOXO1.H12CORE.0.PS.A	1	0.15495	0.15495	0.3099	8	TGTGGATTG	CTGTTTACA	+
FOXH1.H12CORE.0.P.B	FOXA1.H12CORE.1.S.C	3	0.327271	0.327271	0.654543	9	TGTGGATTG	GTTTGTTTACTTAAGG	+
FOXH1.H12CORE.0.P.B	FOXC1.H12CORE.0.S.B	6	0.777258	0.777258	0.88663	9	TGTGGATTG	TGTCAATATTTACATAAGG	+
FOXH1.H12CORE.0.P.B	FOXP3.H12CORE.0.P.B	3	0.195898	0.195898	0.391796	7	TGTGGATTG	TTTTGTTTAC	+
FOXH1.H12CORE.0.P.B	FOXC1.H12CORE.1.S.C	4	0.0695454	0.0695454	0.139091	9	TGTGGATTG	TCATTGTTTACTTA	+
FOXH1.H12CORE.0.P.B	FOXA1.H12CORE.0.P.B	0	0.0925574	0.0925574	0.185115	9	TGTGGATTG	TGTTTACTTAG	+
FOXH1.H12CORE.0.P.B	FOXO6.H12CORE.0.S.B	0	0.266579	0.266579	0.533158	9	TGTGGATTG	TCTTGTTTACGT	+
FOXH1.H12CORE.0.P.B	FOXD2.H12CORE.1.SM.B	0	0.678504	0.678504	1	9	TGTGGATTG	TTGTTATTGTAAGGG	+
FOXH1.H12CORE.0.P.B	FOXE1.H12CORE.0.SM.B	2	0.149011	0.149011	0.298022	9	TGTGGATTG	ATTGTTTTTTTAGGGG	+
FOXH1.H12CORE.0.P.B	FOXL1.H12CORE.0.S.B	3	0.122619	0.122619	0.245239	9	TGTGGATTG	GGTTGTTTGTTTATTTTTCC	+
FOXH1.H12CORE.0.P.B	FOXJ2.H12CORE.1.SM.B	0	0.733555	0.733555	0.733555	9	TGTGGATTG	TTTTGTTTACAACAAAA	+
FOXH1.H12CORE.0.P.B	FOXM1.H12CORE.0.P.B	0	0.118487	0.118487	0.236974	9	TGTGGATTG	TGTTTACTTTGG	+
FOXH1.H12CORE.0.P.B	FOXJ2.H12CORE.2.S.B	10	0.117356	0.117356	0.234712	9	TGTGGATTG	CCTTTGTTTTTGTTTACTTT	+
FOXH1.H12CORE.0.P.B	FOXD2.H12CORE.0.S.B	7	0.391413	0.391413	0.782826	9	TGTGGATTG	GGGTAAATATTTACTTAACC	+
FOXH1.H12CORE.0.P.B	FOXR2.H12CORE.0.M.C	5	0.387168	0.387168	0.774336	9	TGTGGATTG	ATATTTATGTATATATA	+
FOXH1.H12CORE.0.P.B	FOXA3.H12CORE.0.PS.A	2	0.0806917	0.0806917	0.161383	9	TGTGGATTG	CATGTTTACTTA	+
FOXH1.H12CORE.0.P.B	FOXA3.H12CORE.1.M.C	3	0.821488	0.821488	0.830162	9	TGTGGATTG	CGTTAAGTAAATATTTGCA	-
FOXH1.H12CORE.0.P.B	FOXO4.H12CORE.0.SM.B	2	0.119104	0.119104	0.238208	9	TGTGGATTG	GTTGTTTACGT	+
FOXH1.H12CORE.0.P.B	FOXD3.H12CORE.0.P.C	2	0.112219	0.112219	0.224439	9	TGTGGATTG	GTTGTTTACTTAGG	+
FOXH1.H12CORE.0.P.B	FOXB1.H12CORE.0.SM.B	5	0.789426	0.789426	0.835773	9	TGTGGATTG	CCTTATGTAAATATTTACA	-
FOXH1.H12CORE.0.P.B	FOXJ2.H12CORE.0.PSM.A	2	0.148891	0.148891	0.297781	9	TGTGGATTG	GTTGTTGTTTACAA	+
FOXH1.H12CORE.0.P.B	FOXK2.H12CORE.0.P.B	2	0.339957	0.339957	0.679915	9	TGTGGATTG	CTTGTTTACAT	+
FOXP2.H12CORE.0.P.B	FOXK1.H12CORE.0.PS.A	-1	0.000287886	0.000287886	0.000575772	7	CTGTTTAC	TGTTTACATT	+
FOXP2.H12CORE.0.P.B	FOXO1.H12CORE.0.PS.A	0	2.94012e-07	2.94012e-07	5.88024e-07	8	CTGTTTAC	CTGTTTACA	+
FOXP2.H12CORE.0.P.B	FOXA1.H12CORE.1.S.C	2	0.000329278	0.000329278	0.000658556	8	CTGTTTAC	GTTTGTTTACTTAAGG	+
FOXP2.H12CORE.0.P.B	FOXC1.H12CORE.0.S.B	5	0.0322843	0.0322843	0.0645686	8	CTGTTTAC	TGTCAATATTTACATAAGG	+
FOXP2.H12CORE.0.P.B	FOXP3.H12CORE.0.P.B	2	2.69517e-05	2.69517e-05	5.39033e-05	8	CTGTTTAC	TTTTGTTTAC	+
FOXP2.H12CORE.0.P.B	FOXC1.H12CORE.1.S.C	3	0.000824083	0.000824083	0.00164817	8	CTGTTTAC	TCATTGTTTACTTA	+
FOXP2.H12CORE.0.P.B	FOXA1.H12CORE.0.P.B	-1	0.000706751	0.000706751	0.0014135	7	CTGTTTAC	TGTTTACTTAG	+
FOXP2.H12CORE.0.P.B	FOXO6.H12CORE.0.S.B	2	0.000530756	0.000530756	0.00106151	8	CTGTTTAC	TCTTGTTTACGT	+
FOXP2.H12CORE.0.P.B	FOXD2.H12CORE.1.SM.B	0	0.474171	0.474171	0.948342	8	CTGTTTAC	TTGTTATTGTAAGGG	+
FOXP2.H12CORE.0.P.B	FOXE1.H12CORE.0.SM.B	1	0.0546309	0.0546309	0.109262	8	CTGTTTAC	ATTGTTTTTTTAGGGG	+
FOXP2.H12CORE.0.P.B	FOXL1.H12CORE.0.S.B	6	0.00204003	0.00204003	0.00408006	8	CTGTTTAC	GGTTGTTTGTTTATTTTTCC	+
FOXP2.H12CORE.0.P.B	FOXJ2.H12CORE.1.SM.B	2	0.000337091	0.000337091	0.000674182	8	CTGTTTAC	TTTTGTTTACAACAAAA	+
FOXP2.H12CORE.0.P.B	FOXM1.H12CORE.0.P.B	-1	0.00146917	0.00146917	0.00293835	7	CTGTTTAC	TGTTTACTTTGG	+
FOXP2.H12CORE.0.P.B	FOXJ2.H12CORE.2.S.B	9	0.00158594	0.00158594	0.00317189	8	CTGTTTAC	CCTTTGTTTTTGTTTACTTT	+
FOXP2.H12CORE.0.P.B	FOXD2.H12CORE.0.S.B	6	0.0479735	0.0479735	0.095947	8	CTGTTTAC	GGGTAAATATTTACTTAACC	+
FOXP2.H12CORE.0.P.B	FOXR2.H12CORE.0.M.C	6	0.130526	0.130526	0.261051	8	CTGTTTAC	ATATTTATGTATATATA	+
FOXP2.H12CORE.0.P.B	FOXA3.H12CORE.0.PS.A	1	0.000313941	0.000313941	0.000627882	8	CTGTTTAC	CATGTTTACTTA	+
FOXP2.H12CORE.0.P.B	FOXA3.H12CORE.1.M.C	5	0.0873106	0.0873106	0.174621	8	CTGTTTAC	TGCAAATATTTACTTAACG	+
FOXP2.H12CORE.0.P.B	FOXO4.H12CORE.0.SM.B	1	0.000187559	0.000187559	0.000375118	8	CTGTTTAC	GTTGTTTACGT	+
FOXP2.H12CORE.0.P.B	FOXD3.H12CORE.0.P.C	1	5.56816e-06	5.56816e-06	1.11363e-05	8	CTGTTTAC	GTTGTTTACTTAGG	+
FOXP2.H12CORE.0.P.B	FOXB1.H12CORE.0.SM.B	5	0.117943	0.117943	0.219904	8	CTGTTTAC	TGTAAATATTTACATAAGG	+
FOXP2.H12CORE.0.P.B	FOXJ2.H12CORE.0.PSM.A	4	0.000142347	0.000142347	0.000284694	8	CTGTTTAC	GTTGTTGTTTACAA	+
FOXP2.H12CORE.0.P.B	FOXK2.H12CORE.0.P.B	1	8.14117e-05	8.14117e-05	0.000162823	8	CTGTTTAC	CTTGTTTACAT	+
FOXK1.H12CORE.0.PS.A	FOXO1.H12CORE.0.PS.A	1	0.000117316	0.000117316	0.000234633	8	TGTTTACATT	CTGTTTACA	+
FOXK1.H12CORE.0.PS.A	FOXA1.H12CORE.1.S.C	3	0.000105253	0.000105253	0.000210505	10	TGTTTACATT	GTTTGTTTACTTAAGG	+
FOXK1.H12CORE.0.PS.A	FOXC1.H12CORE.0.S.B	6	0.0003031	0.0003031	0.000606201	10	TGTTTACATT	TGTCAATATTTACATAAGG	+
FOXK1.H12CORE.0.PS.A	FOXP3.H12CORE.0.P.B	3	0.00476318	0.00476318	0.00952636	7	TGTTTACATT	TTTTGTTTAC	+
FOXK1.H12CORE.0.PS.A	FOXC1.H12CORE.1.S.C	4	0.000125094	0.000125094	0.000250187	10	TGTTTACATT	TCATTGTTTACTTA	+
FOXK1.H12CORE.0.PS.A	FOXA1.H12CORE.0.P.B	0	5.0637e-06	5.0637e-06	1.01274e-05	10	TGTTTACATT	TGTTTACTTAG	+
FOXK1.H12CORE.0.PS.A	FOXO6.H12CORE.0.S.B	3	0.00182539	0.00182539	0.00365078	9	TGTTTACATT	TCTTGTTTACGT	+
FOXK1.H12CORE.0.PS.A	FOXD2.H12CORE.1.SM.B	1	0.195211	0.195211	0.390422	10	TGTTTACATT	TTGTTATTGTAAGGG	+
FOXK1.H12CORE.0.PS.A	FOXE1.H12CORE.0.SM.B	2	0.0169373	0.0169373	0.0338745	10	TGTTTACATT	ATTGTTTTTTTAGGGG	+
FOXK1.H12CORE.0.PS.A	FOXL1.H12CORE.0.S.B	7	0.000100039	0.000100039	0.000200078	10	TGTTTACATT	GGTTGTTTGTTTATTTTTCC	+
FOXK1.H12CORE.0.PS.A	FOXJ2.H12CORE.1.SM.B	3	0.0133469	0.0133469	0.0266939	10	TGTTTACATT	TTTTGTTTACAACAAAA	+
FOXK1.H12CORE.0.PS.A	FOXM1.H12CORE.0.P.B	0	2.16887e-05	2.16887e-05	4.33773e-05	10	TGTTTACATT	TGTTTACTTTGG	+
FOXK1.H12CORE.0.PS.A	FOXJ2.H12CORE.2.S.B	10	0.000208272	0.000208272	0.000416543	10	TGTTTACATT	CCTTTGTTTTTGTTTACTTT	+
FOXK1.H12CORE.0.PS.A	FOXD2.H12CORE.0.S.B	7	0.00125929	0.00125929	0.00251859	10	TGTTTACATT	GGGTAAATATTTACTTAACC	+
FOXK1.H12CORE.0.PS.A	FOXR2.H12CORE.0.M.C	7	0.010351	0.010351	0.0207019	10	TGTTTACATT	ATATTTATGTATATATA	+
FOXK1.H12CORE.0.PS.A	FOXA3.H12CORE.0.PS.A	2	2.36524e-06	2.36524e-06	4.73049e-06	10	TGTTTACATT	CATGTTTACTTA	+
FOXK1.H12CORE.0.PS.A	FOXA3.H12CORE.1.M.C	6	0.00232548	0.00232548	0.00465096	10	TGTTTACATT	TGCAAATATTTACTTAACG	+
FOXK1.H12CORE.0.PS.A	FOXO4.H12CORE.0.SM.B	2	0.00269386	0.00269386	0.00538771	9	TGTTTACATT	GTTGTTTACGT	+
FOXK1.H12CORE.0.PS.A	FOXD3.H12CORE.0.P.C	2	5.68491e-06	5.68491e-06	1.13698e-05	10	TGTTTACATT	GTTGTTTACTTAGG	+
FOXK1.H12CORE.0.PS.A	FOXB1.H12CORE.0.SM.B	6	0.00165335	0.00165335	0.0033067	10	TGTTTACATT	TGTAAATATTTACATAAGG	+
FOXK1.H12CORE.0.PS.A	FOXJ2.H12CORE.0.PSM.A	5	0.000619918	0.000619918	0.00123984	9	TGTTTACATT	GTTGTTGTTTACAA	+
FOXK1.H12CORE.0.PS.A	FOXK2.H12CORE.0.P.B	2	2.54917e-05	2.54917e-05	5.09833e-05	9	TGTTTACATT	CTTGTTTACAT	+
FOXO1.H12CORE.0.PS.A	FOXA1.H12CORE.1.S.C	2	0.000194451	0.000194451	0.000388902	9	CTGTTTACA	GTTTGTTTACTTAAGG	+
FOXO1.H12CORE.0.PS.A	FOXC1.H12CORE.0.S.B	5	0.0266907	0.0266907	0.0533813	9	CTGTTTACA	TGTCAATATTTACATAAGG	+
FOXO1.H12CORE.0.PS.A	FOXP3.H12CORE.0.P.B	2	6.55473e-05	6.55473e-05	0.000131095	8	CTGTTTACA	TTTTGTTTAC	+
FOXO1.H12CORE.0.PS.A	FOXC1.H12CORE.1.S.C	3	0.00168	0.00168	0.00336001	9	CTGTTTACA	TCATTGTTTACTTA	+
FOXO1.H12CORE.0.PS.A	FOXA1.H12CORE.0.P.B	-1	0.000397528	0.000397528	0.000795055	8	CTGTTTACA	TGTTTACTTAG	+
FOXO1.H12CORE.0.PS.A	FOXO6.H12CORE.0.S.B	2	0.00632083	0.00632083	0.0126417	9	CTGTTTACA	TCTTGTTTACGT	+
FOXO1.H12CORE.0.PS.A	FOXD2.H12CORE.1.SM.B	0	0.893971	0.893971	0.995168	9	CTGTTTACA	TTGTTATTGTAAGGG	+
FOXO1.H12CORE.0.PS.A	FOXE1.H12CORE.0.SM.B	1	0.0605952	0.0605952	0.12119	9	CTGTTTACA	ATTGTTTTTTTAGGGG	+
FOXO1.H12CORE.0.PS.A	FOXL1.H12CORE.0.S.B	6	0.00219118	0.00219118	0.00438237	9	CTGTTTACA	GGTTGTTTGTTTATTTTTCC	+
FOXO1.H12CORE.0.PS.A	FOXJ2.H12CORE.1.SM.B	2	9.28705e-05	9.28705e-05	0.000185741	9	CTGTTTACA	TTTTGTTTACAACAAAA	+
FOXO1.H12CORE.0.PS.A	FOXM1.H12CORE.0.P.B	-1	0.0028965	0.0028965	0.005793	8	CTGTTTACA	TGTTTACTTTGG	+
FOXO1.H12CORE.0.PS.A	FOXJ2.H12CORE.2.S.B	9	0.0207233	0.0207233	0.0414465	9	CTGTTTACA	CCTTTGTTTTTGTTTACTTT	+
FOXO1.H12CORE.0.PS.A	FOXD2.H12CORE.0.S.B	10	0.0496583	0.0496583	0.0971519	9	CTGTTTACA	GGTTAAGTAAATATTTACCC	-
FOXO1.H12CORE.0.PS.A	FOXR2.H12CORE.0.M.C	6	0.399784	0.399784	0.799569	9	CTGTTTACA	ATATTTATGTATATATA	+
FOXO1.H12CORE.0.PS.A	FOXA3.H12CORE.0.PS.A	1	0.000187514	0.000187514	0.000375028	9	CTGTTTACA	CATGTTTACTTA	+
FOXO1.H12CORE.0.PS.A	FOXA3.H12CORE.1.M.C	5	0.0584255	0.0584255	0.116851	9	CTGTTTACA	TGCAAATATTTACTTAACG	+
FOXO1.H12CORE.0.PS.A	FOXO4.H12CORE.0.SM.B	1	0.00361996	0.00361996	0.00723991	9	CTGTTTACA	GTTGTTTACGT	+
FOXO1.H12CORE.0.PS.A	FOXD3.H12CORE.0.P.C	1	5.40708e-06	5.40708e-06	1.08142e-05	9	CTGTTTACA	GTTGTTTACTTAGG	+
FOXO1.H12CORE.0.PS.A	FOXB1.H12CORE.0.SM.B	5	0.118994	0.118994	0.21207	9	CTGTTTACA	TGTAAATATTTACATAAGG	+
FOXO1.H12CORE.0.PS.A	FOXJ2.H12CORE.0.PSM.A	4	0.00038623	0.00038623	0.000772461	9	CTGTTTACA	GTTGTTGTTTACAA	+
FOXO1.H12CORE.0.PS.A	FOXK2.H12CORE.0.P.B	1	5.96387e-09	5.96387e-09	1.19277e-08	9	CTGTTTACA	CTTGTTTACAT	+
FOXA1.H12CORE.1.S.C	FOXC1.H12CORE.0.S.B	3	1.43165e-06	1.43165e-06	2.86331e-06	16	GTTTGTTTACTTAAGG	TGTCAATATTTACATAAGG	+
FOXA1.H12CORE.1.S.C	FOXP3.H12CORE.0.P.B	0	0.000454153	0.000454153	0.000908307	10	GTTTGTTTACTTAAGG	TTTTGTTTAC	+
FOXA1.H12CORE.1.S.C	FOXC1.H12CORE.1.S.C	1	4.71966e-06	4.71966e-06	9.43932e-06	13	GTTTGTTTACTTAAGG	TCATTGTTTACTTA	+
FOXA1.H12CORE.1.S.C	FOXA1.H12CORE.0.P.B	-3	1.32665e-06	1.32665e-06	2.6533e-06	11	GTTTGTTTACTTAAGG	TGTTTACTTAG	+
FOXA1.H12CORE.1.S.C	FOXO6.H12CORE.0.S.B	0	0.0424978	0.0424978	0.0849956	12	GTTTGTTTACTTAAGG	TCTTGTTTACGT	+
FOXA1.H12CORE.1.S.C	FOXD2.H12CORE.1.SM.B	-2	0.000606988	0.000606988	0.00121398	14	GTTTGTTTACTTAAGG	TTGTTATTGTAAGGG	+
FOXA1.H12CORE.1.S.C	FOXE1.H12CORE.0.SM.B	-1	5.33027e-06	5.33027e-06	1.06605e-05	15	GTTTGTTTACTTAAGG	ATTGTTTTTTTAGGGG	+
FOXA1.H12CORE.1.S.C	FOXL1.H12CORE.0.S.B	4	0.000976768	0.000976768	0.00195354	16	GTTTGTTTACTTAAGG	GGTTGTTTGTTTATTTTTCC	+
FOXA1.H12CORE.1.S.C	FOXJ2.H12CORE.1.SM.B	0	0.0177449	0.0177449	0.0354897	16	GTTTGTTTACTTAAGG	TTTTGTTTACAACAAAA	+
FOXA1.H12CORE.1.S.C	FOXM1.H12CORE.0.P.B	-3	1.36759e-06	1.36759e-06	2.73518e-06	12	GTTTGTTTACTTAAGG	TGTTTACTTTGG	+
FOXA1.H12CORE.1.S.C	FOXJ2.H12CORE.2.S.B	7	0.00240945	0.00240945	0.0048189	13	GTTTGTTTACTTAAGG	CCTTTGTTTTTGTTTACTTT	+
FOXA1.H12CORE.1.S.C	FOXD2.H12CORE.0.S.B	4	0.00149607	0.00149607	0.00299215	16	GTTTGTTTACTTAAGG	GGGTAAATATTTACTTAACC	+
FOXA1.H12CORE.1.S.C	FOXR2.H12CORE.0.M.C	4	0.185276	0.185276	0.370552	13	GTTTGTTTACTTAAGG	ATATTTATGTATATATA	+
FOXA1.H12CORE.1.S.C	FOXA3.H12CORE.0.PS.A	-1	6.62369e-05	6.62369e-05	0.000132474	12	GTTTGTTTACTTAAGG	CATGTTTACTTA	+
FOXA1.H12CORE.1.S.C	FOXA3.H12CORE.1.M.C	3	0.000195396	0.000195396	0.000390792	16	GTTTGTTTACTTAAGG	TGCAAATATTTACTTAACG	+
FOXA1.H12CORE.1.S.C	FOXO4.H12CORE.0.SM.B	-1	0.00438768	0.00438768	0.00877535	11	GTTTGTTTACTTAAGG	GTTGTTTACGT	+
FOXA1.H12CORE.1.S.C	FOXD3.H12CORE.0.P.C	-1	6.09368e-07	6.09368e-07	1.21874e-06	14	GTTTGTTTACTTAAGG	GTTGTTTACTTAGG	+
FOXA1.H12CORE.1.S.C	FOXB1.H12CORE.0.SM.B	3	0.000109045	0.000109045	0.000218089	16	GTTTGTTTACTTAAGG	TGTAAATATTTACATAAGG	+
FOXA1.H12CORE.1.S.C	FOXJ2.H12CORE.0.PSM.A	2	0.00122036	0.00122036	0.00244071	12	GTTTGTTTACTTAAGG	GTTGTTGTTTACAA	+
FOXA1.H12CORE.1.S.C	FOXK2.H12CORE.0.P.B	-1	0.00106844	0.00106844	0.00213688	11	GTTTGTTTACTTAAGG	CTTGTTTACAT	+
FOXC1.H12CORE.0.S.B	FOXP3.H12CORE.0.P.B	-3	0.819418	0.819418	0.956079	10	TGTCAATATTTACATAAGG	TTTTGTTTAC	+
FOXC1.H12CORE.0.S.B	FOXC1.H12CORE.1.S.C	-2	0.000119979	0.000119979	0.000239958	14	TGTCAATATTTACATAAGG	TCATTGTTTACTTA	+
FOXC1.H12CORE.0.S.B	FOXA1.H12CORE.0.P.B	-6	0.000272887	0.000272887	0.000545774	11	TGTCAATATTTACATAAGG	TGTTTACTTAG	+
FOXC1.H12CORE.0.S.B	FOXO6.H12CORE.0.S.B	-3	0.130256	0.130256	0.260511	12	TGTCAATATTTACATAAGG	TCTTGTTTACGT	+
FOXC1.H12CORE.0.S.B	FOXD2.H12CORE.1.SM.B	-5	0.00571929	0.00571929	0.0114386	14	TGTCAATATTTACATAAGG	TTGTTATTGTAAGGG	+
FOXC1.H12CORE.0.S.B	FOXE1.H12CORE.0.SM.B	-4	0.000529441	0.000529441	0.00105888	15	TGTCAATATTTACATAAGG	ATTGTTTTTTTAGGGG	+
FOXC1.H12CORE.0.S.B	FOXL1.H12CORE.0.S.B	1	0.114551	0.114551	0.229101	19	TGTCAATATTTACATAAGG	GGTTGTTTGTTTATTTTTCC	+
FOXC1.H12CORE.0.S.B	FOXJ2.H12CORE.1.SM.B	-3	0.680912	0.680912	0.788013	16	TGTCAATATTTACATAAGG	TTTTGTTTACAACAAAA	+
FOXC1.H12CORE.0.S.B	FOXM1.H12CORE.0.P.B	-6	9.40865e-05	9.40865e-05	0.000188173	12	TGTCAATATTTACATAAGG	TGTTTACTTTGG	+
FOXC1.H12CORE.0.S.B	FOXJ2.H12CORE.2.S.B	4	0.00968381	0.00968381	0.0193676	16	TGTCAATATTTACATAAGG	CCTTTGTTTTTGTTTACTTT	+
FOXC1.H12CORE.0.S.B	FOXD2.H12CORE.0.S.B	1	2.36246e-07	2.36246e-07	4.72493e-07	19	TGTCAATATTTACATAAGG	GGGTAAATATTTACTTAACC	+
FOXC1.H12CORE.0.S.B	FOXR2.H12CORE.0.M.C	1	0.0618101	0.0618101	0.115984	16	TGTCAATATTTACATAAGG	ATATTTATGTATATATA	+
FOXC1.H12CORE.0.S.B	FOXA3.H12CORE.0.PS.A	-4	0.000787625	0.000787625	0.00157525	12	TGTCAATATTTACATAAGG	CATGTTTACTTA	+
FOXC1.H12CORE.0.S.B	FOXA3.H12CORE.1.M.C	0	6.56216e-11	6.56216e-11	1.31243e-10	19	TGTCAATATTTACATAAGG	TGCAAATATTTACTTAACG	+
FOXC1.H12CORE.0.S.B	FOXO4.H12CORE.0.SM.B	-4	0.167756	0.167756	0.335513	11	TGTCAATATTTACATAAGG	GTTGTTTACGT	+
FOXC1.H12CORE.0.S.B	FOXD3.H12CORE.0.P.C	-4	0.0038788	0.0038788	0.00775761	14	TGTCAATATTTACATAAGG	GTTGTTTACTTAGG	+
FOXC1.H12CORE.0.S.B	FOXB1.H12CORE.0.SM.B	0	3.95352e-14	3.95352e-14	7.90703e-14	19	TGTCAATATTTACATAAGG	TGTAAATATTTACATAAGG	+
FOXC1.H12CORE.0.S.B	FOXJ2.H12CORE.0.PSM.A	-1	0.00848235	0.00848235	0.0169647	14	TGTCAATATTTACATAAGG	GTTGTTGTTTACAA	+
FOXC1.H12CORE.0.S.B	FOXK2.H12CORE.0.P.B	-4	0.0548182	0.0548182	0.109636	11	TGTCAATATTTACATAAGG	CTTGTTTACAT	+
FOXP3.H12CORE.0.P.B	FOXC1.H12CORE.1.S.C	1	0.00749657	0.00749657	0.0149931	10	TTTTGTTTAC	TCATTGTTTACTTA	+
FOXP3.H12CORE.0.P.B	FOXA1.H12CORE.0.P.B	-3	0.00770102	0.00770102	0.015402	7	TTTTGTTTAC	TGTTTACTTAG	+
FOXP3.H12CORE.0.P.B	FOXO6.H12CORE.0.S.B	0	0.000361438	0.000361438	0.000722877	10	TTTTGTTTAC	TCTTGTTTACGT	+
FOXP3.H12CORE.0.P.B	FOXD2.H12CORE.1.SM.B	-2	0.0965192	0.0965192	0.193038	8	TTTTGTTTAC	TTGTTATTGTAAGGG	+
FOXP3.H12CORE.0.P.B	FOXE1.H12CORE.0.SM.B	-1	0.0197731	0.0197731	0.0395461	9	TTTTGTTTAC	ATTGTTTTTTTAGGGG	+
FOXP3.H12CORE.0.P.B	FOXL1.H12CORE.0.S.B	4	0.000990456	0.000990456	0.00198091	10	TTTTGTTTAC	GGTTGTTTGTTTATTTTTCC	+
FOXP3.H12CORE.0.P.B	FOXJ2.H12CORE.1.SM.B	0	0.000995964	0.000995964	0.00199193	10	TTTTGTTTAC	TTTTGTTTACAACAAAA	+
FOXP3.H12CORE.0.P.B	FOXM1.H12CORE.0.P.B	-3	0.00859545	0.00859545	0.0171909	7	TTTTGTTTAC	TGTTTACTTTGG	+
FOXP3.H12CORE.0.P.B	FOXJ2.H12CORE.2.S.B	7	0.00106272	0.00106272	0.00212544	10	TTTTGTTTAC	CCTTTGTTTTTGTTTACTTT	+
FOXP3.H12CORE.0.P.B	FOXD2.H12CORE.0.S.B	9	0.190146	0.190146	0.380291	10	TTTTGTTTAC	GGGTAAATATTTACTTAACC	+
FOXP3.H12CORE.0.P.B	FOXR2.H12CORE.0.M.C	4	0.0500948	0.0500948	0.10019	10	TTTTGTTTAC	ATATTTATGTATATATA	+
FOXP3.H12CORE.0.P.B	FOXA3.H12CORE.0.PS.A	-1	0.0019586	0.0019586	0.0039172	9	TTTTGTTTAC	CATGTTTACTTA	+
FOXP3.H12CORE.0.P.B	FOXA3.H12CORE.1.M.C	8	0.699384	0.699384	0.89755	10	TTTTGTTTAC	TGCAAATATTTACTTAACG	+
FOXP3.H12CORE.0.P.B	FOXO4.H12CORE.0.SM.B	-1	0.00034782	0.00034782	0.00069564	9	TTTTGTTTAC	GTTGTTTACGT	+
FOXP3.H12CORE.0.P.B	FOXD3.H12CORE.0.P.C	-1	2.72046e-05	2.72046e-05	5.44091e-05	9	TTTTGTTTAC	GTTGTTTACTTAGG	+
FOXP3.H12CORE.0.P.B	FOXB1.H12CORE.0.SM.B	8	0.835943	0.835943	0.963607	10	TTTTGTTTAC	TGTAAATATTTACATAAGG	+
FOXP3.H12CORE.0.P.B	FOXJ2.H12CORE.0.PSM.A	2	0.000144611	0.000144611	0.000289223	10	TTTTGTTTAC	GTTGTTGTTTACAA	+
FOXP3.H12CORE.0.P.B	FOXK2.H12CORE.0.P.B	-1	0.00023576	0.00023576	0.000471519	9	TTTTGTTTAC	CTTGTTTACAT	+
FOXC1.H12CORE.1.S.C	FOXA1.H12CORE.0.P.B	-4	0.000101418	0.000101418	0.000202837	10	TCATTGTTTACTTA	TGTTTACTTAG	+
FOXC1.H12CORE.1.S.C	FOXO6.H12CORE.0.S.B	-1	0.00393628	0.00393628	0.00787256	12	TCATTGTTTACTTA	TCTTGTTTACGT	+
FOXC1.H12CORE.1.S.C	FOXD2.H12CORE.1.SM.B	-3	0.0381915	0.0381915	0.0763831	11	TCATTGTTTACTTA	TTGTTATTGTAAGGG	+
FOXC1.H12CORE.1.S.C	FOXE1.H12CORE.0.SM.B	-2	0.0160392	0.0160392	0.0320785	12	TCATTGTTTACTTA	ATTGTTTTTTTAGGGG	+
FOXC1.H12CORE.1.S.C	FOXL1.H12CORE.0.S.B	3	0.000105832	0.000105832	0.000211664	14	TCATTGTTTACTTA	GGTTGTTTGTTTATTTTTCC	+
FOXC1.H12CORE.1.S.C	FOXJ2.H12CORE.1.SM.B	-1	0.069862	0.069862	0.139724	13	TCATTGTTTACTTA	TTTTGTTTACAACAAAA	+
FOXC1.H12CORE.1.S.C	FOXM1.H12CORE.0.P.B	-4	4.99581e-05	4.99581e-05	9.99162e-05	10	TCATTGTTTACTTA	TGTTTACTTTGG	+
FOXC1.H12CORE.1.S.C	FOXJ2.H12CORE.2.S.B	6	1.61978e-05	1.61978e-05	3.23956e-05	14	TCATTGTTTACTTA	CCTTTGTTTTTGTTTACTTT	+
FOXC1.H12CORE.1.S.C	FOXD2.H12CORE.0.S.B	3	0.000103317	0.000103317	0.000206635	14	TCATTGTTTACTTA	GGGTAAATATTTACTTAACC	+
FOXC1.H12CORE.1.S.C	FOXR2.H12CORE.0.M.C	3	0.0626179	0.0626179	0.125236	14	TCATTGTTTACTTA	ATATTTATGTATATATA	+
FOXC1.H12CORE.1.S.C	FOXA3.H12CORE.0.PS.A	-2	2.09038e-05	2.09038e-05	4.18076e-05	12	TCATTGTTTACTTA	CATGTTTACTTA	+
FOXC1.H12CORE.1.S.C	FOXA3.H12CORE.1.M.C	2	0.000367921	0.000367921	0.000735843	14	TCATTGTTTACTTA	TGCAAATATTTACTTAACG	+
FOXC1.H12CORE.1.S.C	FOXO4.H12CORE.0.SM.B	-2	0.00728457	0.00728457	0.0145691	11	TCATTGTTTACTTA	GTTGTTTACGT	+
FOXC1.H12CORE.1.S.C	FOXD3.H12CORE.0.P.C	-2	0.00107765	0.00107765	0.0021553	12	TCATTGTTTACTTA	GTTGTTTACTTAGG	+
FOXC1.H12CORE.1.S.C	FOXB1.H12CORE.0.SM.B	2	0.00101072	0.00101072	0.00202143	14	TCATTGTTTACTTA	TGTAAATATTTACATAAGG	+
FOXC1.H12CORE.1.S.C	FOXJ2.H12CORE.0.PSM.A	1	0.00201656	0.00201656	0.00403312	13	TCATTGTTTACTTA	GTTGTTGTTTACAA	+
FOXC1.H12CORE.1.S.C	FOXK2.H12CORE.0.P.B	-2	0.00204246	0.00204246	0.00408492	11	TCATTGTTTACTTA	CTTGTTTACAT	+
FOXA1.H12CORE.0.P.B	FOXO6.H12CORE.0.S.B	3	0.00351855	0.00351855	0.00703711	9	TGTTTACTTAG	TCTTGTTTACGT	+
FOXA1.H12CORE.0.P.B	FOXD2.H12CORE.1.SM.B	1	0.0507771	0.0507771	0.101554	11	TGTTTACTTAG	TTGTTATTGTAAGGG	+
FOXA1.H12CORE.0.P.B	FOXE1.H12CORE.0.SM.B	2	0.000831624	0.000831624	0.00166325	11	TGTTTACTTAG	ATTGTTTTTTTAGGGG	+
FOXA1.H12CORE.0.P.B	FOXL1.H12CORE.0.S.B	7	0.00205339	0.00205339	0.00410677	11	TGTTTACTTAG	GGTTGTTTGTTTATTTTTCC	+
FOXA1.H12CORE.0.P.B	FOXJ2.H12CORE.1.SM.B	3	0.0547262	0.0547262	0.109452	11	TGTTTACTTAG	TTTTGTTTACAACAAAA	+
FOXA1.H12CORE.0.P.B	FOXM1.H12CORE.0.P.B	0	3.2717e-08	3.2717e-08	6.54341e-08	11	TGTTTACTTAG	TGTTTACTTTGG	+
FOXA1.H12CORE.0.P.B	FOXJ2.H12CORE.2.S.B	10	0.00107911	0.00107911	0.00215821	10	TGTTTACTTAG	CCTTTGTTTTTGTTTACTTT	+
FOXA1.H12CORE.0.P.B	FOXD2.H12CORE.0.S.B	7	2.93621e-05	2.93621e-05	5.87242e-05	11	TGTTTACTTAG	GGGTAAATATTTACTTAACC	+
FOXA1.H12CORE.0.P.B	FOXR2.H12CORE.0.M.C	7	0.0362716	0.0362716	0.0725431	10	TGTTTACTTAG	ATATTTATGTATATATA	+
FOXA1.H12CORE.0.P.B	FOXA3.H12CORE.0.PS.A	2	3.37719e-06	3.37719e-06	6.75438e-06	10	TGTTTACTTAG	CATGTTTACTTA	+
FOXA1.H12CORE.0.P.B	FOXA3.H12CORE.1.M.C	6	2.59901e-05	2.59901e-05	5.19802e-05	11	TGTTTACTTAG	TGCAAATATTTACTTAACG	+
FOXA1.H12CORE.0.P.B	FOXO4.H12CORE.0.SM.B	2	0.00292418	0.00292418	0.00584835	9	TGTTTACTTAG	GTTGTTTACGT	+
FOXA1.H12CORE.0.P.B	FOXD3.H12CORE.0.P.C	2	5.91747e-09	5.91747e-09	1.18349e-08	11	TGTTTACTTAG	GTTGTTTACTTAGG	+
FOXA1.H12CORE.0.P.B	FOXB1.H12CORE.0.SM.B	6	7.37299e-06	7.37299e-06	1.4746e-05	11	TGTTTACTTAG	TGTAAATATTTACATAAGG	+
FOXA1.H12CORE.0.P.B	FOXJ2.H12CORE.0.PSM.A	5	0.00431967	0.00431967	0.00863935	9	TGTTTACTTAG	GTTGTTGTTTACAA	+
FOXA1.H12CORE.0.P.B	FOXK2.H12CORE.0.P.B	2	7.0572e-05	7.0572e-05	0.000141144	9	TGTTTACTTAG	CTTGTTTACAT	+
FOXO6.H12CORE.0.S.B	FOXD2.H12CORE.1.SM.B	-2	0.0207118	0.0207118	0.0414235	10	TCTTGTTTACGT	TTGTTATTGTAAGGG	+
FOXO6.H12CORE.0.S.B	FOXE1.H12CORE.0.SM.B	-1	0.0780389	0.0780389	0.156078	11	TCTTGTTTACGT	ATTGTTTTTTTAGGGG	+
FOXO6.H12CORE.0.S.B	FOXL1.H12CORE.0.S.B	4	0.0483353	0.0483353	0.0966705	12	TCTTGTTTACGT	GGTTGTTTGTTTATTTTTCC	+
FOXO6.H12CORE.0.S.B	FOXJ2.H12CORE.1.SM.B	0	0.0528838	0.0528838	0.105768	12	TCTTGTTTACGT	TTTTGTTTACAACAAAA	+
FOXO6.H12CORE.0.S.B	FOXM1.H12CORE.0.P.B	-3	0.00661181	0.00661181	0.0132236	9	TCTTGTTTACGT	TGTTTACTTTGG	+
FOXO6.H12CORE.0.S.B	FOXJ2.H12CORE.2.S.B	7	0.000373546	0.000373546	0.000747092	12	TCTTGTTTACGT	CCTTTGTTTTTGTTTACTTT	+
FOXO6.H12CORE.0.S.B	FOXD2.H12CORE.0.S.B	4	0.0256494	0.0256494	0.0512989	12	TCTTGTTTACGT	GGGTAAATATTTACTTAACC	+
FOXO6.H12CORE.0.S.B	FOXR2.H12CORE.0.M.C	4	0.00105922	0.00105922	0.00211843	12	TCTTGTTTACGT	ATATTTATGTATATATA	+
FOXO6.H12CORE.0.S.B	FOXA3.H12CORE.0.PS.A	-1	0.000112715	0.000112715	0.00022543	11	TCTTGTTTACGT	CATGTTTACTTA	+
FOXO6.H12CORE.0.S.B	FOXA3.H12CORE.1.M.C	3	0.1224	0.1224	0.2448	12	TCTTGTTTACGT	TGCAAATATTTACTTAACG	+
FOXO6.H12CORE.0.S.B	FOXO4.H12CORE.0.SM.B	-1	9.99395e-07	9.99395e-07	1.99879e-06	11	TCTTGTTTACGT	GTTGTTTACGT	+
FOXO6.H12CORE.0.S.B	FOXD3.H12CORE.0.P.C	-1	0.00395494	0.00395494	0.00790987	11	TCTTGTTTACGT	GTTGTTTACTTAGG	+
FOXO6.H12CORE.0.S.B	FOXB1.H12CORE.0.SM.B	3	0.0771586	0.0771586	0.154317	12	TCTTGTTTACGT	TGTAAATATTTACATAAGG	+
FOXO6.H12CORE.0.S.B	FOXJ2.H12CORE.0.PSM.A	2	0.00013965	0.00013965	0.0002793	12	TCTTGTTTACGT	GTTGTTGTTTACAA	+
FOXO6.H12CORE.0.S.B	FOXK2.H12CORE.0.P.B	-1	1.43496e-05	1.43496e-05	2.86992e-05	11	TCTTGTTTACGT	CTTGTTTACAT	+
FOXD2.H12CORE.1.SM.B	FOXE1.H12CORE.0.SM.B	1	3.94354e-08	3.94354e-08	7.88707e-08	15	TTGTTATTGTAAGGG	ATTGTTTTTTTAGGGG	+
FOXD2.H12CORE.1.SM.B	FOXL1.H12CORE.0.S.B	6	0.514896	0.514896	0.999996	14	TTGTTATTGTAAGGG	GGTTGTTTGTTTATTTTTCC	+
FOXD2.H12CORE.1.SM.B	FOXJ2.H12CORE.1.SM.B	-1	0.0767948	0.0767948	0.15359	14	TTGTTATTGTAAGGG	TTTTGTTGTAAACAAAA	-
FOXD2.H12CORE.1.SM.B	FOXM1.H12CORE.0.P.B	-1	0.0133506	0.0133506	0.0267013	12	TTGTTATTGTAAGGG	TGTTTACTTTGG	+
FOXD2.H12CORE.1.SM.B	FOXJ2.H12CORE.2.S.B	3	0.0226522	0.0226522	0.0453044	15	TTGTTATTGTAAGGG	CCTTTGTTTTTGTTTACTTT	+
FOXD2.H12CORE.1.SM.B	FOXD2.H12CORE.0.S.B	6	0.0286814	0.0286814	0.0573628	14	TTGTTATTGTAAGGG	GGGTAAATATTTACTTAACC	+
FOXD2.H12CORE.1.SM.B	FOXR2.H12CORE.0.M.C	0	0.2236	0.2236	0.4472	15	TTGTTATTGTAAGGG	ATATTTATGTATATATA	+
FOXD2.H12CORE.1.SM.B	FOXA3.H12CORE.0.PS.A	1	0.302372	0.302372	0.604743	11	TTGTTATTGTAAGGG	CATGTTTACTTA	+
FOXD2.H12CORE.1.SM.B	FOXA3.H12CORE.1.M.C	5	0.200193	0.200193	0.400386	14	TTGTTATTGTAAGGG	TGCAAATATTTACTTAACG	+
FOXD2.H12CORE.1.SM.B	FOXO4.H12CORE.0.SM.B	1	0.00778437	0.00778437	0.0155687	10	TTGTTATTGTAAGGG	GTTGTTTACGT	+
FOXD2.H12CORE.1.SM.B	FOXD3.H12CORE.0.P.C	1	0.00649605	0.00649605	0.0129921	13	TTGTTATTGTAAGGG	GTTGTTTACTTAGG	+
FOXD2.H12CORE.1.SM.B	FOXB1.H12CORE.0.SM.B	5	0.0270842	0.0270842	0.0541684	14	TTGTTATTGTAAGGG	TGTAAATATTTACATAAGG	+
FOXD2.H12CORE.1.SM.B	FOXJ2.H12CORE.0.PSM.A	-2	0.110126	0.110126	0.220252	13	TTGTTATTGTAAGGG	GTTGTTGTTTACAA	+
FOXD2.H12CORE.1.SM.B	FOXK2.H12CORE.0.P.B	1	0.328595	0.328595	0.65719	10	TTGTTATTGTAAGGG	CTTGTTTACAT	+
FOXE1.H12CORE.0.SM.B	FOXL1.H12CORE.0.S.B	1	0.0623393	0.0623393	0.124679	16	ATTGTTTTTTTAGGGG	GGTTGTTTGTTTATTTTTCC	+
FOXE1.H12CORE.0.SM.B	FOXJ2.H12CORE.1.SM.B	4	0.59372	0.59372	0.73471	13	ATTGTTTTTTTAGGGG	TTTTGTTGTAAACAAAA	-
FOXE1.H12CORE.0.SM.B	FOXM1.H12CORE.0.P.B	-2	0.000623027	0.000623027	0.00124605	12	ATTGTTTTTTTAGGGG	TGTTTACTTTGG	+
FOXE1.H12CORE.0.SM.B	FOXJ2.H12CORE.2.S.B	8	0.0501514	0.0501514	0.100303	12	ATTGTTTTTTTAGGGG	CCTTTGTTTTTGTTTACTTT	+
FOXE1.H12CORE.0.SM.B	FOXD2.H12CORE.0.S.B	5	0.00756051	0.00756051	0.015121	15	ATTGTTTTTTTAGGGG	GGGTAAATATTTACTTAACC	+
FOXE1.H12CORE.0.SM.B	FOXR2.H12CORE.0.M.C	0	0.705891	0.705891	0.990241	16	ATTGTTTTTTTAGGGG	ATATTTATGTATATATA	+
FOXE1.H12CORE.0.SM.B	FOXA3.H12CORE.0.PS.A	0	0.146074	0.146074	0.292148	12	ATTGTTTTTTTAGGGG	CATGTTTACTTA	+
FOXE1.H12CORE.0.SM.B	FOXA3.H12CORE.1.M.C	4	0.0362115	0.0362115	0.0724231	15	ATTGTTTTTTTAGGGG	TGCAAATATTTACTTAACG	+
FOXE1.H12CORE.0.SM.B	FOXO4.H12CORE.0.SM.B	0	0.0130849	0.0130849	0.0261699	11	ATTGTTTTTTTAGGGG	GTTGTTTACGT	+
FOXE1.H12CORE.0.SM.B	FOXD3.H12CORE.0.P.C	0	1.28374e-05	1.28374e-05	2.56749e-05	14	ATTGTTTTTTTAGGGG	GTTGTTTACTTAGG	+
FOXE1.H12CORE.0.SM.B	FOXB1.H12CORE.0.SM.B	4	0.00452543	0.00452543	0.00905087	15	ATTGTTTTTTTAGGGG	TGTAAATATTTACATAAGG	+
FOXE1.H12CORE.0.SM.B	FOXJ2.H12CORE.0.PSM.A	0	0.0639716	0.0639716	0.127943	14	ATTGTTTTTTTAGGGG	GTTGTTGTTTACAA	+
FOXE1.H12CORE.0.SM.B	FOXK2.H12CORE.0.P.B	0	0.141592	0.141592	0.283184	11	ATTGTTTTTTTAGGGG	CTTGTTTACAT	+
FOXL1.H12CORE.0.S.B	FOXJ2.H12CORE.1.SM.B	-4	0.495274	0.495274	0.755575	16	GGTTGTTTGTTTATTTTTCC	TTTTGTTTACAACAAAA	+
FOXL1.H12CORE.0.S.B	FOXM1.H12CORE.0.P.B	-7	0.0108108	0.0108108	0.0216215	12	GGTTGTTTGTTTATTTTTCC	TGTTTACTTTGG	+
FOXL1.H12CORE.0.S.B	FOXJ2.H12CORE.2.S.B	3	4.6828e-05	4.6828e-05	9.36559e-05	17	GGTTGTTTGTTTATTTTTCC	CCTTTGTTTTTGTTTACTTT	+
FOXL1.H12CORE.0.S.B	FOXD2.H12CORE.0.S.B	0	0.000942212	0.000942212	0.00188442	20	GGTTGTTTGTTTATTTTTCC	GGGTAAATATTTACTTAACC	+
FOXL1.H12CORE.0.S.B	FOXR2.H12CORE.0.M.C	-6	0.167084	0.167084	0.334169	14	GGTTGTTTGTTTATTTTTCC	ATATTTATGTATATATA	+
FOXL1.H12CORE.0.S.B	FOXA3.H12CORE.0.PS.A	-5	0.00384615	0.00384615	0.00769231	12	GGTTGTTTGTTTATTTTTCC	CATGTTTACTTA	+
FOXL1.H12CORE.0.S.B	FOXA3.H12CORE.1.M.C	-1	0.0954272	0.0954272	0.107162	19	GGTTGTTTGTTTATTTTTCC	TGCAAATATTTACTTAACG	+
FOXL1.H12CORE.0.S.B	FOXO4.H12CORE.0.SM.B	-1	0.00274112	0.00274112	0.00548225	11	GGTTGTTTGTTTATTTTTCC	GTTGTTTACGT	+
FOXL1.H12CORE.0.S.B	FOXD3.H12CORE.0.P.C	-5	0.00299574	0.00299574	0.00599147	14	GGTTGTTTGTTTATTTTTCC	GTTGTTTACTTAGG	+
FOXL1.H12CORE.0.S.B	FOXB1.H12CORE.0.SM.B	-1	0.189316	0.189316	0.349872	19	GGTTGTTTGTTTATTTTTCC	TGTAAATATTTACATAAGG	+
FOXL1.H12CORE.0.S.B	FOXJ2.H12CORE.0.PSM.A	-2	0.00175983	0.00175983	0.00351967	14	GGTTGTTTGTTTATTTTTCC	GTTGTTGTTTACAA	+
FOXL1.H12CORE.0.S.B	FOXK2.H12CORE.0.P.B	-5	0.00733143	0.00733143	0.0146629	11	GGTTGTTTGTTTATTTTTCC	CTTGTTTACAT	+
FOXJ2.H12CORE.1.SM.B	FOXM1.H12CORE.0.P.B	-3	0.464615	0.464615	0.837821	12	TTTTGTTTACAACAAAA	TGTTTACTTTGG	+
FOXJ2.H12CORE.1.SM.B	FOXJ2.H12CORE.2.S.B	7	0.0774307	0.0774307	0.154861	13	TTTTGTTTACAACAAAA	CCTTTGTTTTTGTTTACTTT	+
FOXJ2.H12CORE.1.SM.B	FOXD2.H12CORE.0.S.B	-4	0.731337	0.731337	0.954776	13	TTTTGTTTACAACAAAA	GGTTAAGTAAATATTTACCC	-
FOXJ2.H12CORE.1.SM.B	FOXR2.H12CORE.0.M.C	-1	0.243124	0.243124	0.486248	16	TTTTGTTTACAACAAAA	TATATATACATAAATAT	-
FOXJ2.H12CORE.1.SM.B	FOXA3.H12CORE.0.PS.A	-1	0.139818	0.139818	0.279635	12	TTTTGTTTACAACAAAA	CATGTTTACTTA	+
FOXJ2.H12CORE.1.SM.B	FOXA3.H12CORE.1.M.C	8	0.766677	0.766677	0.824929	11	TTTTGTTTACAACAAAA	CGTTAAGTAAATATTTGCA	-
FOXJ2.H12CORE.1.SM.B	FOXO4.H12CORE.0.SM.B	-1	0.0414853	0.0414853	0.0582447	11	TTTTGTTTACAACAAAA	GTTGTTTACGT	+
FOXJ2.H12CORE.1.SM.B	FOXD3.H12CORE.0.P.C	1	0.123586	0.123586	0.247173	13	TTTTGTTTACAACAAAA	CCTAAGTAAACAAC	-
FOXJ2.H12CORE.1.SM.B	FOXB1.H12CORE.0.SM.B	8	0.647495	0.647495	0.957503	11	TTTTGTTTACAACAAAA	CCTTATGTAAATATTTACA	-
FOXJ2.H12CORE.1.SM.B	FOXJ2.H12CORE.0.PSM.A	2	9.80542e-05	9.80542e-05	0.000196108	12	TTTTGTTTACAACAAAA	GTTGTTGTTTACAA	+
FOXJ2.H12CORE.1.SM.B	FOXK2.H12CORE.0.P.B	-1	0.0202311	0.0202311	0.0404621	11	TTTTGTTTACAACAAAA	CTTGTTTACAT	+
FOXM1.H12CORE.0.P.B	FOXJ2.H12CORE.2.S.B	10	0.000523384	0.000523384	0.00104677	10	TGTTTACTTTGG	CCTTTGTTTTTGTTTACTTT	+
FOXM1.H12CORE.0.P.B	FOXD2.H12CORE.0.S.B	7	1.10525e-05	1.10525e-05	2.2105e-05	12	TGTTTACTTTGG	GGGTAAATATTTACTTAACC	+
FOXM1.H12CORE.0.P.B	FOXR2.H12CORE.0.M.C	7	0.0986083	0.0986083	0.197217	10	TGTTTACTTTGG	ATATTTATGTATATATA	+
FOXM1.H12CORE.0.P.B	FOXA3.H12CORE.0.PS.A	2	7.38417e-06	7.38417e-06	1.47683e-05	10	TGTTTACTTTGG	CATGTTTACTTA	+
FOXM1.H12CORE.0.P.B	FOXA3.H12CORE.1.M.C	6	8.60676e-05	8.60676e-05	0.000172135	12	TGTTTACTTTGG	TGCAAATATTTACTTAACG	+
FOXM1.H12CORE.0.P.B	FOXO4.H12CORE.0.SM.B	2	0.0046079	0.0046079	0.0092158	9	TGTTTACTTTGG	GTTGTTTACGT	+
FOXM1.H12CORE.0.P.B	FOXD3.H12CORE.0.P.C	2	6.59333e-11	6.59333e-11	1.31867e-10	12	TGTTTACTTTGG	GTTGTTTACTTAGG	+
FOXM1.H12CORE.0.P.B	FOXB1.H12CORE.0.SM.B	6	4.02449e-06	4.02449e-06	8.04897e-06	12	TGTTTACTTTGG	TGTAAATATTTACATAAGG	+
FOXM1.H12CORE.0.P.B	FOXJ2.H12CORE.0.PSM.A	5	0.0143289	0.0143289	0.0286579	9	TGTTTACTTTGG	GTTGTTGTTTACAA	+
FOXM1.H12CORE.0.P.B	FOXK2.H12CORE.0.P.B	2	0.000367795	0.000367795	0.00073559	9	TGTTTACTTTGG	CTTGTTTACAT	+
FOXJ2.H12CORE.2.S.B	FOXD2.H12CORE.0.S.B	-3	0.0019673	0.0019673	0.00393461	17	CCTTTGTTTTTGTTTACTTT	GGGTAAATATTTACTTAACC	+
FOXJ2.H12CORE.2.S.B	FOXR2.H12CORE.0.M.C	-3	0.0270544	0.0270544	0.0541088	17	CCTTTGTTTTTGTTTACTTT	ATATTTATGTATATATA	+
FOXJ2.H12CORE.2.S.B	FOXA3.H12CORE.0.PS.A	-8	0.00394145	0.00394145	0.0078829	12	CCTTTGTTTTTGTTTACTTT	CATGTTTACTTA	+
FOXJ2.H12CORE.2.S.B	FOXA3.H12CORE.1.M.C	1	0.0204182	0.0204182	0.0408365	18	CCTTTGTTTTTGTTTACTTT	CGTTAAGTAAATATTTGCA	-
FOXJ2.H12CORE.2.S.B	FOXO4.H12CORE.0.SM.B	-8	0.00134698	0.00134698	0.00269397	11	CCTTTGTTTTTGTTTACTTT	GTTGTTTACGT	+
FOXJ2.H12CORE.2.S.B	FOXD3.H12CORE.0.P.C	-8	0.00285227	0.00285227	0.00570454	12	CCTTTGTTTTTGTTTACTTT	GTTGTTTACTTAGG	+
FOXJ2.H12CORE.2.S.B	FOXB1.H12CORE.0.SM.B	-4	0.020176	0.020176	0.0252992	16	CCTTTGTTTTTGTTTACTTT	TGTAAATATTTACATAAGG	+
FOXJ2.H12CORE.2.S.B	FOXJ2.H12CORE.0.PSM.A	-5	2.68624e-05	2.68624e-05	5.37248e-05	14	CCTTTGTTTTTGTTTACTTT	GTTGTTGTTTACAA	+
FOXJ2.H12CORE.2.S.B	FOXK2.H12CORE.0.P.B	-8	0.0552052	0.0552052	0.11041	11	CCTTTGTTTTTGTTTACTTT	CTTGTTTACAT	+
FOXD2.H12CORE.0.S.B	FOXR2.H12CORE.0.M.C	0	0.18939	0.18939	0.255838	17	GGGTAAATATTTACTTAACC	ATATTTATGTATATATA	+
FOXD2.H12CORE.0.S.B	FOXA3.H12CORE.0.PS.A	-5	0.00162498	0.00162498	0.00324996	12	GGGTAAATATTTACTTAACC	CATGTTTACTTA	+
FOXD2.H12CORE.0.S.B	FOXA3.H12CORE.1.M.C	-1	1.69776e-08	1.69776e-08	3.39552e-08	19	GGGTAAATATTTACTTAACC	TGCAAATATTTACTTAACG	+
FOXD2.H12CORE.0.S.B	FOXO4.H12CORE.0.SM.B	-5	0.0828283	0.0828283	0.165657	11	GGGTAAATATTTACTTAACC	GTTGTTTACGT	+
FOXD2.H12CORE.0.S.B	FOXD3.H12CORE.0.P.C	-5	0.00777518	0.00777518	0.0155504	14	GGGTAAATATTTACTTAACC	GTTGTTTACTTAGG	+
FOXD2.H12CORE.0.S.B	FOXB1.H12CORE.0.SM.B	-1	5.20636e-08	5.20636e-08	1.04127e-07	19	GGGTAAATATTTACTTAACC	TGTAAATATTTACATAAGG	+
FOXD2.H12CORE.0.S.B	FOXJ2.H12CORE.0.PSM.A	-2	0.0491073	0.0491073	0.0982146	14	GGGTAAATATTTACTTAACC	GTTGTTGTTTACAA	+
FOXD2.H12CORE.0.S.B	FOXK2.H12CORE.0.P.B	-5	0.151591	0.151591	0.303183	11	GGGTAAATATTTACTTAACC	CTTGTTTACAT	+
FOXR2.H12CORE.0.M.C	FOXA3.H12CORE.0.PS.A	-5	0.0973519	0.0973519	0.194704	12	ATATTTATGTATATATA	CATGTTTACTTA	+
FOXR2.H12CORE.0.M.C	FOXA3.H12CORE.1.M.C	-1	0.138314	0.138314	0.183691	16	ATATTTATGTATATATA	TGCAAATATTTACTTAACG	+
FOXR2.H12CORE.0.M.C	FOXO4.H12CORE.0.SM.B	1	0.0298058	0.0298058	0.0596116	10	ATATTTATGTATATATA	GTTGTTTACGT	+
FOXR2.H12CORE.0.M.C	FOXD3.H12CORE.0.P.C	-5	0.223416	0.223416	0.446833	12	ATATTTATGTATATATA	GTTGTTTACTTAGG	+
FOXR2.H12CORE.0.M.C	FOXB1.H12CORE.0.SM.B	-1	0.0449799	0.0449799	0.0899599	16	ATATTTATGTATATATA	TGTAAATATTTACATAAGG	+
FOXR2.H12CORE.0.M.C	FOXJ2.H12CORE.0.PSM.A	-2	0.0179967	0.0179967	0.0359934	14	ATATTTATGTATATATA	GTTGTTGTTTACAA	+
FOXR2.H12CORE.0.M.C	FOXK2.H12CORE.0.P.B	-5	0.119208	0.119208	0.238416	11	ATATTTATGTATATATA	CTTGTTTACAT	+
FOXA3.H12CORE.0.PS.A	FOXA3.H12CORE.1.M.C	4	4.52312e-05	4.52312e-05	9.04625e-05	12	CATGTTTACTTA	TGCAAATATTTACTTAACG	+
FOXA3.H12CORE.0.PS.A	FOXO4.H12CORE.0.SM.B	0	0.00698358	0.00698358	0.0139672	11	CATGTTTACTTA	GTTGTTTACGT	+
FOXA3.H12CORE.0.PS.A	FOXD3.H12CORE.0.P.C	0	0.000142205	0.000142205	0.000284411	12	CATGTTTACTTA	GTTGTTTACTTAGG	+
FOXA3.H12CORE.0.PS.A	FOXB1.H12CORE.0.SM.B	4	0.000131398	0.000131398	0.000262797	12	CATGTTTACTTA	TGTAAATATTTACATAAGG	+
FOXA3.H12CORE.0.PS.A	FOXJ2.H12CORE.0.PSM.A	3	0.0108547	0.0108547	0.0217095	11	CATGTTTACTTA	GTTGTTGTTTACAA	+
FOXA3.H12CORE.0.PS.A	FOXK2.H12CORE.0.P.B	0	2.11322e-06	2.11322e-06	4.22644e-06	11	CATGTTTACTTA	CTTGTTTACAT	+
FOXA3.H12CORE.1.M.C	FOXO4.H12CORE.0.SM.B	-7	0.4303	0.4303	0.674576	11	TGCAAATATTTACTTAACG	ACGTAAACAAC	-
FOXA3.H12CORE.1.M.C	FOXD3.H12CORE.0.P.C	-4	0.0235114	0.0235114	0.0470229	14	TGCAAATATTTACTTAACG	GTTGTTTACTTAGG	+
FOXA3.H12CORE.1.M.C	FOXB1.H12CORE.0.SM.B	0	2.15404e-15	2.15404e-15	4.30808e-15	19	TGCAAATATTTACTTAACG	TGTAAATATTTACATAAGG	+
FOXA3.H12CORE.1.M.C	FOXJ2.H12CORE.0.PSM.A	1	0.0780101	0.0780101	0.127222	13	TGCAAATATTTACTTAACG	TTGTAAACAACAAC	-
FOXA3.H12CORE.1.M.C	FOXK2.H12CORE.0.P.B	-7	0.178972	0.178972	0.195125	11	TGCAAATATTTACTTAACG	ATGTAAACAAG	-
FOXO4.H12CORE.0.SM.B	FOXD3.H12CORE.0.P.C	0	0.00012426	0.00012426	0.000248521	11	GTTGTTTACGT	GTTGTTTACTTAGG	+
FOXO4.H12CORE.0.SM.B	FOXB1.H12CORE.0.SM.B	4	0.272506	0.272506	0.50842	11	GTTGTTTACGT	TGTAAATATTTACATAAGG	+
FOXO4.H12CORE.0.SM.B	FOXJ2.H12CORE.0.PSM.A	3	1.6857e-05	1.6857e-05	3.3714e-05	11	GTTGTTTACGT	GTTGTTGTTTACAA	+
FOXO4.H12CORE.0.SM.B	FOXK2.H12CORE.0.P.B	0	0.000107756	0.000107756	0.000215512	11	GTTGTTTACGT	CTTGTTTACAT	+
FOXD3.H12CORE.0.P.C	FOXB1.H12CORE.0.SM.B	4	0.00451559	0.00451559	0.00903118	14	GTTGTTTACTTAGG	TGTAAATATTTACATAAGG	+
FOXD3.H12CORE.0.P.C	FOXJ2.H12CORE.0.PSM.A	3	0.00133925	0.00133925	0.00267849	11	GTTGTTTACTTAGG	GTTGTTGTTTACAA	+
FOXD3.H12CORE.0.P.C	FOXK2.H12CORE.0.P.B	0	4.85559e-05	4.85559e-05	9.71119e-05	11	GTTGTTTACTTAGG	CTTGTTTACAT	+
FOXB1.H12CORE.0.SM.B	FOXJ2.H12CORE.0.PSM.A	1	0.0547135	0.0547135	0.0729645	13	TGTAAATATTTACATAAGG	TTGTAAACAACAAC	-
FOXB1.H12CORE.0.SM.B	FOXK2.H12CORE.0.P.B	-7	0.171735	0.171735	0.19267	11	TGTAAATATTTACATAAGG	ATGTAAACAAG	-
FOXJ2.H12CORE.0.PSM.A	FOXK2.H12CORE.0.P.B	-3	0.00293019	0.00293019	0.00586038	11	GTTGTTGTTTACAA	CTTGTTTACAT	+
